"id","age_certification"
"ts300399","TV-MA"
"tm84618","R"
"tm154986","R"
"tm127384","PG"
"tm120801",NA
"ts22164","TV-14"
"tm70993","R"
"tm14873","R"
"tm119281","R"
"tm98978","R"
"tm44204",NA
"tm67378","PG-13"
"tm69997","R"
"tm16479",NA
"tm135083",NA
"tm89386","PG"
"tm156453","R"
"tm14350",NA
"tm81728",NA
"tm94651",NA
"tm27298",NA
"tm100027",NA
"tm19608",NA
"tm204541",NA
"tm259855",NA
"tm356209",NA
"ts45948","TV-MA"
"tm200475",NA
"tm90896",NA
"tm336403",NA
"tm107372",NA
"tm358653",NA
"tm259684",NA
"tm403346",NA
"tm16812",NA
"ts20681","TV-PG"
"tm155787","R"
"tm22327","R"
"tm180542","R"
"tm138875","R"
"tm2386","R"
"tm133087","PG"
"tm177480","R"
"tm54450","R"
"ts22082","TV-PG"
"ts21715","TV-Y"
"ts20678","TV-G"
"tm145608","PG-13"
"ts25028","TV-G"
"tm147710","PG-13"
"tm142895","PG-13"
"tm20712","R"
"tm117580","R"
"ts23753","TV-PG"
"tm130586","R"
"ts987","TV-Y"
"tm721687",NA
"tm40103",NA
"tm125985",NA
"ts2760","TV-Y"
"tm21953","R"
"tm126769",NA
"tm152839",NA
"tm49037",NA
"tm62924","R"
"tm52815",NA
"tm159912",NA
"tm133914",NA
"tm38736",NA
"tm51083",NA
"tm137013",NA
"tm157603",NA
"tm258072",NA
"tm114356",NA
"tm157853",NA
"tm132164","R"
"tm446654",NA
"tm348735",NA
"tm151332",NA
"tm342996",NA
"tm24110",NA
"tm371359",NA
"tm55091",NA
"ts63001","TV-PG"
"tm311264",NA
"tm411457",NA
"tm172482",NA
"tm419052",NA
"tm47673",NA
"tm52274",NA
"tm147829",NA
"ts20981","TV-PG"
"tm107744","PG-13"
"ts22176","TV-PG"
"tm15897","R"
"ts21223","TV-Y7"
"tm191013","R"
"tm122434","PG-13"
"tm25947","R"
"tm43808","R"
"ts20339","TV-14"
"ts5145","TV-14"
"tm191110","PG-13"
"ts34435","TV-14"
"tm192037","R"
"tm27395","PG-13"
"tm113513","PG-13"
"ts20983","TV-14"
"tm192405","PG-13"
"tm116655","R"
"ts21567","TV-14"
"tm116488","R"
"tm11556","R"
"tm56574","PG"
"ts20960","TV-Y7"
"tm53991","PG-13"
"tm49178","R"
"ts25252","TV-Y"
"tm191989","R"
"ts22193","TV-Y"
"ts22489","TV-PG"
"ts21034","TV-14"
"tm121879","PG"
"tm44402","R"
"tm187187","PG-13"
"ts16919","TV-G"
"tm6859","PG"
"tm118238","PG-13"
"tm111163","R"
"tm190835",NA
"tm192769","PG"
"tm187791","R"
"tm113576","PG"
"tm65686","PG-13"
"ts8570","TV-G"
"tm191387","PG-13"
"ts27693","TV-Y7"
"tm19494","PG-13"
"tm191772","PG-13"
"tm12499","PG-13"
"tm186589","R"
"tm189764","R"
"tm10739","R"
"tm1822","PG"
"tm55369","R"
"ts251477","TV-G"
"tm192431","R"
"ts22286","TV-Y7"
"tm192199","PG-13"
"ts11397","TV-Y7"
"tm56033","R"
"ts21581","TV-PG"
"tm117488","PG"
"tm190811","PG-13"
"tm191431","R"
"tm10811","R"
"tm49839","R"
"ts20918","TV-PG"
"ts21693","TV-PG"
"ts20939","TV-PG"
"ts21684","TV-MA"
"ts22080","TV-Y7"
"tm67635","G"
"tm320211",NA
"tm7073","G"
"ts28516","TV-MA"
"tm117873",NA
"tm55100","PG-13"
"tm64817","G"
"ts22039","TV-MA"
"tm188606",NA
"tm41525","R"
"tm189171","R"
"tm63514","PG-13"
"tm21911",NA
"tm188970",NA
"tm12876",NA
"ts224786","TV-MA"
"tm62176",NA
"tm52871",NA
"tm8687",NA
"tm104933",NA
"tm184326",NA
"tm62385","G"
"tm191614",NA
"tm110766",NA
"tm9898","G"
"tm47530",NA
"tm57169",NA
"tm192301","G"
"tm58893","PG"
"tm110160","PG-13"
"tm118438",NA
"tm424630",NA
"tm27601","PG-13"
"tm203186",NA
"tm128073",NA
"tm7951","PG"
"tm7135","NC-17"
"tm52083","PG-13"
"tm340430",NA
"tm7032",NA
"tm256669",NA
"tm64729",NA
"tm184224","PG-13"
"tm25389",NA
"tm34391",NA
"tm44776",NA
"tm334788",NA
"tm117840",NA
"tm42397",NA
"tm314602",NA
"tm255589",NA
"tm7810",NA
"tm210754",NA
"tm449775",NA
"ts4","TV-MA"
"ts20371","TV-PG"
"ts9","TV-MA"
"ts21465","TV-14"
"tm74402","R"
"tm91952","PG-13"
"ts288536","TV-PG"
"ts12724","TV-14"
"ts6644","TV-MA"
"ts8308","TV-PG"
"tm111828","PG-13"
"ts21469","TV-14"
"ts17156","TV-MA"
"ts22011","TV-PG"
"ts26091","TV-MA"
"tm150112","R"
"ts22337","TV-14"
"ts3371","TV-Y7"
"tm80906","PG-13"
"ts20604","TV-14"
"ts20573","TV-14"
"tm92641","PG-13"
"ts22099","TV-Y7"
"tm27911","R"
"ts21464","TV-G"
"tm88465","PG-13"
"tm172683","PG-13"
"ts11313","TV-14"
"ts21247","TV-14"
"ts20305","TV-PG"
"tm42877","R"
"tm39030",NA
"ts21511","TV-Y7"
"tm997728","R"
"ts17942","TV-14"
"tm89677","PG-13"
"tm78592","R"
"tm105329","R"
"ts30311","TV-G"
"tm139658","PG-13"
"tm26327","R"
"tm95477","R"
"tm154187","PG-13"
"ts22267","TV-MA"
"tm133767","R"
"ts2230","TV-14"
"tm45454","PG-13"
"tm26897","PG-13"
"tm133374","PG-13"
"tm195620","R"
"tm136808","R"
"tm70807","PG-13"
"ts19036","TV-Y7"
"tm93055","PG-13"
"tm85811",NA
"ts22456","TV-G"
"tm101914","R"
"tm131038","R"
"tm58382","R"
"tm35463","R"
"tm30603","PG-13"
"ts22018","TV-G"
"tm20959","PG-13"
"tm136308","R"
"tm29737","R"
"tm148270","PG-13"
"tm89036","R"
"tm46436","R"
"ts21197","TV-PG"
"ts21544","TV-Y7"
"tm150260","PG"
"ts31263","TV-14"
"ts30313",NA
"tm79895","R"
"ts12787","TV-14"
"tm116324","R"
"tm39828","R"
"tm23935","PG"
"tm78067","R"
"tm95252","R"
"tm32919","R"
"tm169949","PG-13"
"tm30205","R"
"tm40009","PG-13"
"tm141390","R"
"ts35155","TV-14"
"tm94606","R"
"ts15986","TV-MA"
"tm102337","R"
"ts22318","TV-G"
"tm159901","PG-13"
"tm74780","PG-13"
"ts30356","TV-Y"
"ts32186","TV-Y7"
"tm24088","PG-13"
"tm111600","R"
"tm88045","PG-13"
"tm78919","G"
"tm173066","PG-13"
"tm118637","PG-13"
"tm142564","PG-13"
"tm57190","PG-13"
"ts21706","TV-PG"
"tm137362","R"
"ts24028","TV-14"
"tm148379","PG"
"tm137342","R"
"tm90864","R"
"ts21740","TV-MA"
"tm32144","PG"
"tm141707","R"
"tm150214","R"
"tm81030","PG-13"
"ts687","TV-14"
"tm147211","R"
"ts31514","TV-Y"
"ts33559","TV-G"
"tm78671","R"
"ts26322","TV-14"
"ts12815","TV-G"
"tm27268","PG"
"tm86189",NA
"tm700","PG-13"
"tm101249","R"
"tm161263","PG-13"
"tm81270","PG-13"
"tm89684","PG"
"tm165593","PG-13"
"tm112381","R"
"tm39487","PG-13"
"ts23752","TV-MA"
"tm43399","PG"
"ts21421","TV-G"
"ts22005","TV-PG"
"ts20398",NA
"tm186461","G"
"tm29555","R"
"tm103095","R"
"tm97070","PG-13"
"tm101334","R"
"tm183963","PG"
"tm76428",NA
"tm77649","PG-13"
"tm86924","R"
"ts98340","TV-MA"
"tm26638","R"
"tm78189","R"
"ts20544","TV-14"
"ts23835","TV-Y"
"tm104880",NA
"ts30288","TV-14"
"ts38159","TV-Y7"
"tm22294","PG"
"tm100015","PG-13"
"ts25765","TV-14"
"ts21688","TV-14"
"tm83786","PG"
"tm130574","PG-13"
"tm114476","G"
"ts20535","TV-G"
"ts1893","TV-G"
"tm118462","PG-13"
"ts12701","TV-G"
"ts121176","TV-PG"
"tm86995","PG"
"ts20526","TV-14"
"ts23808","TV-MA"
"tm97544","PG"
"ts31593",NA
"ts27459",NA
"ts3666","TV-Y7"
"tm53999","PG"
"tm164557",NA
"tm80059","PG-13"
"tm135451",NA
"tm71558","PG"
"tm134235","PG-13"
"tm160800","R"
"tm22342","R"
"ts42914",NA
"tm22636","R"
"ts21967","TV-Y7"
"tm85549",NA
"tm100688",NA
"tm22493",NA
"ts14102",NA
"tm103732","R"
"tm73058","PG"
"tm138497","R"
"ts20358","TV-14"
"tm36475","G"
"tm144345","PG"
"tm76835","PG-13"
"tm38896","R"
"tm86051","R"
"ts74931","TV-PG"
"tm29269","PG-13"
"ts17028",NA
"tm91046",NA
"tm75022",NA
"tm41508","PG-13"
"ts67595","TV-14"
"tm49405","PG-13"
"tm82765","G"
"tm33981","PG-13"
"ts52849",NA
"tm95238","G"
"tm32885","PG-13"
"ts72322","TV-14"
"ts63295","TV-MA"
"ts23319","TV-Y"
"ts21695","TV-14"
"tm72587","PG-13"
"tm99776",NA
"tm83175",NA
"tm139349",NA
"tm59880",NA
"ts56589","TV-Y"
"tm61056","G"
"tm129763",NA
"ts21664","TV-14"
"tm44378",NA
"tm25842",NA
"tm34846","PG-13"
"tm71119","PG-13"
"tm170873","R"
"tm22540",NA
"tm96037","PG-13"
"tm110923",NA
"tm168869",NA
"ts37200","TV-G"
"tm147686","R"
"tm93612","PG-13"
"tm36164","PG-13"
"tm30170","PG-13"
"tm29731","G"
"tm147494","PG-13"
"tm44530","PG-13"
"tm89936",NA
"ts98353","TV-PG"
"ts44663","TV-Y"
"tm81461",NA
"tm155761","PG"
"tm48083",NA
"tm84348","R"
"tm175687",NA
"tm33067","PG-13"
"tm70222","PG-13"
"tm105278","PG-13"
"tm352243","PG-13"
"ts98316","TV-G"
"tm82718","PG-13"
"tm98975","PG"
"ts98252","TV-PG"
"tm101609","PG"
"tm418157",NA
"tm39557",NA
"tm150521","R"
"tm30289","PG-13"
"tm141117","PG-13"
"tm80339","PG-13"
"tm33729",NA
"tm93004","PG"
"ts13411","TV-14"
"ts1464","TV-MA"
"tm145243",NA
"tm34524","PG-13"
"tm111226",NA
"tm23441","PG"
"tm166293",NA
"tm24576","PG-13"
"tm92977","R"
"tm77348",NA
"ts34414","TV-MA"
"ts29199","TV-PG"
"tm91323","PG"
"tm88366","PG"
"tm156575","PG"
"tm164389","PG-13"
"tm37945",NA
"tm106625","PG-13"
"tm65142","PG-13"
"tm99450",NA
"tm149209","PG-13"
"tm23977",NA
"tm160596",NA
"tm129971",NA
"tm56428",NA
"ts18653",NA
"tm177687","PG-13"
"tm77863","PG-13"
"tm80455","R"
"tm184732",NA
"tm89764","PG-13"
"ts4866","TV-G"
"tm134407","PG-13"
"tm103133","PG"
"tm54147","PG-13"
"ts137477","TV-14"
"ts19384","TV-14"
"tm101684","G"
"tm152724","R"
"ts204466","TV-MA"
"tm96168","PG-13"
"tm146887",NA
"tm138902","PG-13"
"tm165809","PG"
"tm31335","PG"
"tm43179",NA
"tm170169",NA
"tm84316","PG-13"
"tm112235",NA
"tm368679",NA
"ts74928","TV-14"
"tm148041","PG-13"
"tm176297",NA
"tm68191",NA
"tm352863",NA
"tm25029",NA
"ts40702","TV-14"
"tm237621","PG-13"
"tm22989",NA
"tm35652","PG-13"
"tm80487","G"
"tm44634",NA
"tm22558",NA
"tm52352",NA
"tm104349",NA
"tm85243",NA
"tm36636",NA
"tm226362",NA
"tm145690",NA
"tm31564","R"
"tm41953",NA
"tm98475","PG"
"tm95434",NA
"ts44053","TV-MA"
"tm96595","G"
"tm87909","G"
"ts4924","TV-14"
"ts178360","TV-MA"
"ts56595","TV-Y"
"tm154802",NA
"tm51493",NA
"tm97982","PG"
"tm52176","PG"
"tm102848","PG"
"tm114504",NA
"ts160526","TV-14"
"tm340006",NA
"tm154375","PG"
"tm134140",NA
"tm27484","G"
"tm81864",NA
"tm241875",NA
"tm29028",NA
"tm164591",NA
"tm130301",NA
"tm712151",NA
"ts12444","TV-MA"
"tm91176",NA
"ts95855","TV-14"
"tm143510","G"
"tm308960",NA
"tm144835",NA
"tm135795",NA
"tm34924",NA
"tm49865","NC-17"
"ts39604","TV-14"
"tm598375","G"
"tm96052",NA
"tm62369",NA
"tm32915",NA
"ts1413","TV-14"
"tm254052",NA
"tm91125",NA
"ts8614","TV-14"
"tm100106",NA
"ts188031",NA
"tm85689",NA
"ts25707","TV-14"
"tm38454","PG-13"
"tm57586",NA
"ts23797","TV-14"
"tm76029",NA
"tm42831",NA
"ts70843","TV-14"
"tm216753",NA
"tm168751",NA
"tm101540",NA
"tm142153",NA
"tm92671",NA
"tm88343",NA
"ts23353","TV-14"
"tm628693",NA
"tm155774",NA
"tm46867",NA
"tm95507","G"
"tm75544","PG"
"tm144263","G"
"tm21155",NA
"tm85369","PG"
"ts126804","TV-PG"
"tm341561",NA
"tm140653",NA
"tm311516",NA
"ts29581","TV-14"
"tm152413",NA
"ts82583","TV-MA"
"tm130999","PG"
"tm28024","PG"
"tm1077037","G"
"tm85563",NA
"ts124246",NA
"tm254745",NA
"tm76399",NA
"ts86241","TV-MA"
"tm481594","G"
"ts82592","TV-14"
"tm639940",NA
"tm404676",NA
"tm89054",NA
"tm252951",NA
"tm87672",NA
"ts20660","TV-MA"
"tm68272","R"
"tm61801","R"
"tm44730","PG-13"
"ts21095","TV-Y7"
"tm39888","PG-13"
"tm166978","PG-13"
"ts20564","TV-14"
"ts8175","TV-PG"
"ts278","TV-MA"
"tm170442","R"
"tm41792","R"
"ts21580","TV-14"
"ts32835","TV-14"
"ts21599","TV-14"
"tm32982","PG-13"
"tm60292","R"
"ts27680","TV-14"
"ts20433","TV-MA"
"tm171885","PG"
"tm158304","PG-13"
"ts17598","TV-14"
"ts20458","TV-Y7"
"ts20429","TV-MA"
"ts20457","TV-Y7"
"tm178201","PG-13"
"tm36237","R"
"tm40319","R"
"ts6506","TV-MA"
"ts9794","TV-14"
"ts33338","TV-MA"
"tm39896","PG-13"
"tm74848","PG-13"
"ts27468","TV-Y7"
"ts20500","TV-MA"
"tm168921","PG"
"tm160132","PG"
"tm49592","PG-13"
"tm167232","PG-13"
"tm38980","PG"
"ts20556","TV-14"
"tm69926","PG"
"tm60844","NC-17"
"ts9246","TV-14"
"ts27835","TV-14"
"ts20648","TV-14"
"ts18551","TV-14"
"tm62210","PG-13"
"tm106278","R"
"tm182586",NA
"ts36647","TV-MA"
"ts81858","TV-G"
"ts34740","TV-PG"
"tm176507",NA
"ts21081","TV-14"
"ts27586","TV-14"
"ts19779","TV-Y"
"ts22249","TV-14"
"tm178395","R"
"tm173195","PG-13"
"tm69386","PG-13"
"tm174683","PG"
"tm72845",NA
"ts34921","TV-14"
"tm170758","PG"
"tm174256","PG-13"
"tm56296",NA
"tm160371","R"
"tm183547","PG"
"ts34737","TV-MA"
"tm59590","PG-13"
"ts34151","TV-14"
"tm161904","PG-13"
"tm44165",NA
"tm53034",NA
"ts32460","TV-14"
"ts26776","TV-Y7"
"tm164353",NA
"ts39093","TV-MA"
"ts33349","TV-Y"
"tm38064","R"
"tm182125","PG"
"ts55532","TV-Y"
"tm57436",NA
"tm72251","G"
"tm53625",NA
"ts191698","TV-Y"
"ts45996","TV-14"
"tm160361","PG"
"tm34331","R"
"tm183039",NA
"ts35426","TV-G"
"ts58528","TV-PG"
"tm177258",NA
"tm174190","PG-13"
"tm68436","G"
"tm65765","R"
"tm179451",NA
"tm177044","PG-13"
"tm49451",NA
"tm1096916",NA
"tm176128",NA
"tm67444",NA
"tm183176",NA
"tm40860","G"
"tm35700","PG"
"tm170395","R"
"tm169053","PG"
"tm53395","PG"
"tm183037",NA
"tm177958","PG-13"
"ts6879","TV-MA"
"tm178106","G"
"tm57610",NA
"tm169354",NA
"tm176111",NA
"tm59372","G"
"tm161804",NA
"tm159593","PG-13"
"ts39112","TV-Y"
"tm44615","G"
"tm54780","PG"
"ts167724","TV-PG"
"ts99814","TV-MA"
"tm175909",NA
"ts158608","TV-PG"
"tm57382",NA
"tm59289","PG-13"
"tm47171","G"
"tm165712",NA
"tm48239","PG"
"tm160021",NA
"tm54371",NA
"tm172883","PG"
"tm174518",NA
"tm70528",NA
"tm74031","R"
"tm181856",NA
"tm38013",NA
"tm42306","G"
"ts32561","TV-14"
"tm39606","PG"
"tm167241","PG-13"
"ts37864","TV-PG"
"tm71992",NA
"tm31948",NA
"tm166810","PG-13"
"tm37573",NA
"tm69915",NA
"tm164090","NC-17"
"tm37175","PG-13"
"tm66725","G"
"tm166740","G"
"tm200838","G"
"ts44064","TV-14"
"tm169128",NA
"tm172353","PG-13"
"tm34746","PG"
"tm29400",NA
"tm53360","PG"
"tm180532","PG-13"
"tm34142","R"
"ts27875","TV-Y"
"tm162592",NA
"ts41114","TV-14"
"tm70652",NA
"tm339197","G"
"tm172211",NA
"tm1077038","G"
"tm57256",NA
"tm529723",NA
"ts128422",NA
"tm53829",NA
"tm51412",NA
"tm38331","PG-13"
"tm481620","G"
"tm30278",NA
"tm165932",NA
"tm63368",NA
"tm161632",NA
"tm182026","PG"
"tm235979","PG"
"tm946846",NA
"tm181366",NA
"tm60213",NA
"tm481509","G"
"tm159623",NA
"ts60663","TV-14"
"tm34646",NA
"ts39465","TV-14"
"ts69208","TV-Y"
"tm224577",NA
"tm172504",NA
"ts20110","TV-MA"
"ts20837","TV-MA"
"ts20682","TV-MA"
"ts20824","TV-14"
"ts1639","TV-14"
"ts20351","TV-PG"
"ts11188","TV-14"
"tm140389","PG"
"ts20248","TV-14"
"tm150928","R"
"tm140877","PG-13"
"ts8146","TV-14"
"tm176864","R"
"tm151663","R"
"ts16045","TV-14"
"tm145655","PG-13"
"tm160621","R"
"ts20292","TV-14"
"tm134967","PG"
"tm183523","R"
"ts6","TV-MA"
"tm148147","PG-13"
"tm143227","R"
"ts21374","TV-14"
"ts14583","TV-MA"
"tm169719","PG-13"
"tm182429","R"
"ts20261","TV-14"
"tm175843","PG-13"
"tm163686","PG-13"
"ts21367","TV-14"
"ts20108","TV-G"
"tm180572","PG-13"
"tm151807","R"
"tm151764","PG-13"
"ts20823","TV-MA"
"tm153284","PG-13"
"ts32218","TV-G"
"ts35682","TV-MA"
"tm165967","PG-13"
"ts20791","TV-14"
"tm161525","R"
"tm168400","R"
"tm161282","PG"
"ts20280","TV-MA"
"tm148671","R"
"tm171042","R"
"tm178712","PG-13"
"ts20288","TV-14"
"ts20281","TV-Y"
"tm187279","PG-13"
"tm165521","R"
"tm141648","PG-13"
"ts314002","TV-14"
"tm176630","PG-13"
"ts32060","TV-G"
"tm184608","R"
"tm187979","PG"
"tm171228","R"
"ts2727","TV-MA"
"ts20790","TV-14"
"tm161029","PG"
"ts20014","TV-14"
"tm181270","R"
"ts35570","TV-MA"
"tm237143","PG-13"
"tm181081","R"
"ts20336","TV-14"
"ts35244","TV-PG"
"tm144121","PG-13"
"ts2161","TV-Y"
"ts32271","TV-14"
"ts20097","TV-MA"
"ts22383","TV-Y7"
"tm143642",NA
"ts36836","TV-PG"
"ts22426","TV-14"
"ts42168","TV-14"
"tm148976","R"
"ts35282","TV-G"
"tm136601","R"
"tm151716",NA
"tm166628","PG"
"tm140342","PG-13"
"ts20883","TV-G"
"tm151447","R"
"tm147913","PG-13"
"ts11794","TV-Y"
"ts98110",NA
"ts22445",NA
"tm469911","PG-13"
"tm149038",NA
"tm161562",NA
"ts34066","TV-G"
"ts521","TV-14"
"tm71148","R"
"tm156811","PG-13"
"ts82979","TV-G"
"ts33590","TV-G"
"tm138431",NA
"tm144046","PG-13"
"ts33840","TV-14"
"tm171965",NA
"tm157085","PG-13"
"tm185208","PG-13"
"tm180599","R"
"ts58137","TV-Y7"
"tm154797","PG"
"ts20709","TV-14"
"ts10206","TV-Y7"
"ts154625",NA
"ts37187","TV-MA"
"ts53641","TV-Y"
"tm148910","PG-13"
"tm182275",NA
"tm152904",NA
"tm172710","R"
"tm143757","R"
"ts35628","TV-G"
"ts57744","TV-Y7"
"ts58010","TV-G"
"tm143372","G"
"ts21368","TV-MA"
"tm167944","NC-17"
"tm187390",NA
"tm143363","PG"
"ts88394",NA
"ts36127","TV-PG"
"tm458034",NA
"ts3799","TV-Y7"
"tm171929","PG"
"tm155291","PG-13"
"tm180643","G"
"tm139617",NA
"ts16117","TV-MA"
"tm182969",NA
"tm215339",NA
"tm151927","PG-13"
"tm139922",NA
"tm185797","PG-13"
"tm174289","PG"
"tm181092",NA
"ts20781","TV-14"
"tm180802","PG"
"tm183706",NA
"tm168685",NA
"tm199408",NA
"tm140911",NA
"tm148597","R"
"ts76743","TV-G"
"ts83239",NA
"tm144021",NA
"tm148457","PG-13"
"ts75104","TV-MA"
"tm148662",NA
"ts34074","TV-MA"
"tm181550",NA
"tm149914","R"
"tm145627",NA
"tm186161","PG-13"
"tm183002","PG-13"
"ts122290","TV-14"
"ts75833","TV-Y"
"tm158302",NA
"tm182322",NA
"tm157062",NA
"tm186054","PG-13"
"tm165504",NA
"tm167342","PG"
"tm35895",NA
"tm158980","PG"
"ts67797","TV-PG"
"tm149747",NA
"tm159819",NA
"tm2269",NA
"tm175753",NA
"tm178513","PG-13"
"tm160034","PG"
"tm142630","PG-13"
"tm149578","PG"
"tm176481","PG-13"
"tm137379",NA
"tm360904",NA
"tm167107",NA
"tm158546","PG"
"tm236725",NA
"tm151210",NA
"tm146657","PG-13"
"tm157681",NA
"tm145791",NA
"tm175954",NA
"tm158436",NA
"tm172027","PG-13"
"tm209037",NA
"tm153055",NA
"tm155051",NA
"tm143299","PG-13"
"tm348393",NA
"tm182227",NA
"tm182534",NA
"ts121189",NA
"tm157461","PG"
"tm370685",NA
"ts20238","TV-PG"
"tm157609",NA
"tm152273",NA
"tm202914",NA
"tm183654",NA
"tm147518","PG"
"tm197423","PG-13"
"tm145658",NA
"ts82860","TV-14"
"tm151860",NA
"tm184511","R"
"tm145216","R"
"tm610571",NA
"tm529733","G"
"tm169054",NA
"tm154729","R"
"tm187505",NA
"tm177645","PG-13"
"tm155507",NA
"tm182580","PG-13"
"tm152843","R"
"tm147405",NA
"tm185736",NA
"tm587320",NA
"tm183805","PG"
"tm132675",NA
"tm323262",NA
"tm181051",NA
"tm169294",NA
"tm147908","PG"
"tm178992",NA
"tm250364","G"
"tm162259",NA
"tm166723",NA
"tm177224",NA
"tm187118","PG-13"
"ts144527","TV-14"
"tm577690",NA
"tm200926",NA
"tm155014",NA
"tm159296",NA
"tm179328",NA
"ts32752","TV-14"
"tm528043",NA
"tm186408",NA
"tm157783","G"
"tm146144",NA
"tm144541","R"
"tm175364","G"
"tm136036",NA
"tm163066",NA
"tm188290",NA
"tm1223427",NA
"tm142852",NA
"tm228574",NA
"tm171891",NA
"tm250247","G"
"tm176900",NA
"tm158671","G"
"tm144557","PG-13"
"tm528044","G"
"tm169669",NA
"tm149541",NA
"tm144451",NA
"tm205684",NA
"tm175577",NA
"tm178234",NA
"tm176553",NA
"tm481846","G"
"tm138280",NA
"tm156397",NA
"tm159094",NA
"tm1194608",NA
"tm460055",NA
"tm157286",NA
"ts271005","TV-14"
"tm179248",NA
"tm1036195",NA
"tm681614",NA
"ts107543","TV-14"
"tm242276",NA
"tm159701",NA
"tm177376",NA
"tm150962","PG"
"ts261583",NA
"ts8","TV-MA"
"ts37143","TV-MA"
"ts38796","TV-14"
"ts21867","TV-14"
"ts41766","TV-14"
"ts37539","TV-PG"
"tm232579","PG-13"
"ts36577","TV-MA"
"ts35201","TV-MA"
"tm243100","R"
"ts42069","TV-MA"
"ts36885","TV-MA"
"tm195209","R"
"tm239760","R"
"tm204163","R"
"ts36147","TV-14"
"ts35793","TV-PG"
"ts53051","TV-MA"
"tm135307","R"
"tm205890","R"
"tm239727","R"
"tm242705","R"
"tm138905","R"
"ts38199","TV-14"
"ts42062","TV-Y7"
"ts41961","TV-MA"
"ts35251","TV-MA"
"ts41956","TV-14"
"ts38718","TV-MA"
"ts42014","TV-14"
"ts53664","TV-MA"
"ts37866","TV-MA"
"ts42120","TV-MA"
"tm140391","PG"
"tm199607","R"
"tm137869","R"
"ts42077","TV-14"
"ts52922","TV-14"
"ts18010","TV-MA"
"ts36129","TV-14"
"ts36631","TV-MA"
"ts36550","TV-14"
"ts70529","TV-MA"
"ts41975","TV-14"
"ts38734","TV-MA"
"ts36015","TV-14"
"tm120609","PG-13"
"ts35554","TV-14"
"ts21981","TV-14"
"tm137693","R"
"ts35563","TV-14"
"ts21869","TV-MA"
"tm137002",NA
"ts47714","TV-14"
"tm206698","PG-13"
"ts38710","TV-14"
"ts21885","TV-14"
"tm139841","R"
"tm233377","R"
"ts35253","TV-14"
"tm143984","R"
"ts41289","TV-14"
"tm233425","PG-13"
"ts38090","TV-MA"
"ts21986","TV-G"
"tm120108","PG"
"tm239676","R"
"ts36177","TV-MA"
"tm212927","R"
"tm194792","PG-13"
"ts35775","TV-MA"
"ts38415","TV-MA"
"ts42687","TV-G"
"ts38511","TV-MA"
"ts38304","TV-MA"
"ts35354","TV-14"
"ts42170","TV-MA"
"tm193769","R"
"tm138297","R"
"ts41906","TV-14"
"tm132273","PG"
"tm143085","R"
"tm245271","NC-17"
"ts36046","TV-G"
"tm135106","R"
"tm196296","PG-13"
"ts39007","TV-14"
"tm209987","R"
"ts36545","TV-14"
"tm219233","PG-13"
"ts42169","TV-14"
"tm199700","R"
"ts36856","TV-MA"
"ts37971","TV-MA"
"ts41490","TV-MA"
"ts41963","TV-MA"
"ts37464","TV-MA"
"tm233214","PG-13"
"ts52838","TV-MA"
"ts41149","TV-MA"
"tm136483","PG-13"
"ts53099","TV-MA"
"tm134791","R"
"tm221740",NA
"tm140843","PG-13"
"ts38204","TV-14"
"tm219248","R"
"tm196125","R"
"tm204035","PG-13"
"ts82825","TV-MA"
"tm233521",NA
"ts42655","TV-14"
"tm206512",NA
"ts36983","TV-Y7"
"ts38783","TV-MA"
"ts38116","TV-MA"
"tm239743","R"
"ts35256","TV-MA"
"tm200126","R"
"tm208622","R"
"ts35362","TV-MA"
"ts42156","TV-PG"
"tm244788",NA
"ts3844","TV-14"
"ts41913","TV-14"
"tm139532","PG-13"
"tm253083",NA
"ts42119","TV-MA"
"tm136321",NA
"tm225308",NA
"ts52830","TV-14"
"tm238722","PG-13"
"ts42090","TV-MA"
"tm136257","R"
"tm244403","R"
"tm200690","R"
"ts53287","TV-14"
"ts37660","TV-14"
"tm147082",NA
"ts38731","TV-14"
"ts38809","TV-MA"
"tm233465","PG-13"
"ts53249","TV-Y7"
"tm230551","PG-13"
"ts42137","TV-Y7"
"ts76956",NA
"ts38758","TV-MA"
"ts35987","TV-Y7"
"tm228677","PG-13"
"tm155102","R"
"tm220594",NA
"tm243121",NA
"tm205812",NA
"tm234586","PG"
"ts38770","TV-MA"
"tm135543","R"
"tm215638","R"
"tm239683",NA
"ts42257","TV-MA"
"ts52829",NA
"tm214825","PG-13"
"tm242736",NA
"ts42022","TV-MA"
"ts37944","TV-MA"
"tm239707","PG-13"
"tm136061","PG-13"
"tm239733",NA
"ts38568","TV-MA"
"tm142881","PG"
"ts37779",NA
"tm232953","R"
"tm193125",NA
"tm244507",NA
"tm134516","PG-13"
"ts52981","TV-PG"
"tm270504","R"
"ts41258","TV-PG"
"tm244880",NA
"tm233317","PG"
"tm205333",NA
"ts43209","TV-14"
"tm233533",NA
"ts55365","TV-PG"
"tm138672",NA
"tm323616",NA
"ts119087","TV-Y"
"ts36630","TV-Y7"
"ts41995","TV-14"
"tm245378",NA
"tm221225",NA
"ts39017","TV-Y7"
"ts11670","TV-Y7"
"ts76079","TV-Y7"
"tm157283",NA
"tm211302",NA
"ts43272","TV-14"
"tm253080",NA
"ts36547","TV-MA"
"ts56748","TV-14"
"tm139194","PG"
"ts53155",NA
"tm238748","PG-13"
"ts42127","TV-MA"
"ts41883","TV-14"
"tm233544",NA
"ts42628","TV-MA"
"ts37804","TV-MA"
"ts56674",NA
"ts35406","TV-14"
"ts41253","TV-14"
"ts54110","TV-Y"
"ts77654","TV-Y"
"tm244134",NA
"ts79799","TV-Y7"
"tm233616",NA
"tm244381","R"
"ts54028",NA
"ts38230","TV-MA"
"tm238661","PG-13"
"ts56032","TV-MA"
"tm244915",NA
"ts128895","TV-14"
"tm219276",NA
"ts58068","TV-MA"
"ts37896","TV-14"
"tm316731",NA
"ts43230","TV-Y7"
"ts76092","TV-MA"
"tm247642",NA
"tm240007","R"
"ts35596","TV-G"
"tm138792","R"
"tm244052",NA
"ts42260","TV-MA"
"tm123789","PG-13"
"ts86021","TV-G"
"ts55559","TV-Y"
"ts35359","TV-Y"
"tm219173","R"
"tm208903",NA
"tm229542","PG"
"tm211510","PG-13"
"tm205870","R"
"ts38512","TV-PG"
"tm238681","G"
"ts54100","TV-Y7"
"ts35360","TV-Y"
"tm229140",NA
"tm266628","G"
"ts38757","TV-Y7"
"ts43119","TV-14"
"ts53106","TV-MA"
"tm271070","PG-13"
"ts38805","TV-Y"
"tm214085",NA
"ts75829","TV-Y7"
"ts42075","TV-MA"
"ts42038","TV-14"
"tm218052","R"
"tm248010",NA
"ts51368","TV-Y7"
"tm267135",NA
"ts74753",NA
"tm246870",NA
"tm245235",NA
"tm235405","R"
"tm218186","PG-13"
"tm228242",NA
"tm244513",NA
"ts39014","TV-14"
"tm232954",NA
"ts41948","TV-MA"
"ts54156","TV-14"
"ts36740","TV-G"
"tm239290",NA
"tm290444","R"
"ts41899","TV-MA"
"tm225693","PG"
"tm267429",NA
"tm272413",NA
"ts43501","TV-PG"
"tm138584","PG"
"ts56221","TV-Y"
"tm225275",NA
"ts81483","TV-Y"
"ts35463","TV-PG"
"tm209950","R"
"tm308241","PG"
"ts38764","TV-MA"
"tm213681",NA
"tm139870",NA
"tm239739",NA
"tm246175",NA
"ts38761","TV-MA"
"tm195764",NA
"ts41154",NA
"ts144323","TV-MA"
"tm233561",NA
"tm217939",NA
"tm200454","PG"
"tm266844","PG-13"
"ts74929","TV-Y"
"tm300713",NA
"ts38772","TV-MA"
"tm240895","R"
"ts52943",NA
"tm275800",NA
"ts86831","TV-MA"
"tm276430",NA
"ts87884","TV-14"
"tm335263","R"
"tm224377","R"
"tm242755",NA
"ts53076","TV-MA"
"tm241998",NA
"ts52988",NA
"tm208628","PG-13"
"ts41260","TV-14"
"ts42089","TV-14"
"tm242646","R"
"ts38717","TV-14"
"ts87465","TV-14"
"tm242687",NA
"tm208713","PG-13"
"tm220317",NA
"tm421855","G"
"ts21979","TV-MA"
"tm267948",NA
"ts42011","TV-PG"
"tm219817","PG"
"tm201365","PG-13"
"tm281182","PG-13"
"ts36741","TV-14"
"ts57705","TV-MA"
"tm233843","PG-13"
"tm211461",NA
"ts42347","TV-Y"
"tm199987",NA
"tm232710",NA
"tm244638",NA
"tm451222",NA
"tm195870",NA
"ts83535",NA
"tm221883","R"
"ts127430","TV-Y"
"tm239635",NA
"tm198496",NA
"tm245102",NA
"tm215054",NA
"tm271839",NA
"tm245297",NA
"tm266629",NA
"ts42218","TV-MA"
"tm220473",NA
"tm245148","R"
"tm274053",NA
"tm239762",NA
"tm197503","R"
"tm201906",NA
"ts38769","TV-MA"
"tm233344","PG-13"
"tm240162","R"
"tm211478","PG"
"ts41294","TV-MA"
"tm244758",NA
"tm321189",NA
"ts41485","TV-MA"
"tm245722",NA
"ts53543","TV-14"
"tm282915",NA
"ts53149",NA
"ts83224","TV-MA"
"tm232931","R"
"tm227922",NA
"ts74917",NA
"tm272854","PG"
"tm233015",NA
"tm139590",NA
"tm242422",NA
"tm252245",NA
"tm193211","PG-13"
"tm270555",NA
"tm236999",NA
"ts224440","TV-G"
"ts42155","TV-Y7"
"tm233570",NA
"ts55556","TV-MA"
"tm233023",NA
"ts41151",NA
"tm193388",NA
"tm234466","PG"
"tm376111","PG-13"
"tm239769",NA
"ts82582","TV-MA"
"ts43341","TV-14"
"tm540757",NA
"tm207668","PG"
"ts54010","TV-14"
"tm228839","PG-13"
"tm233366","PG-13"
"tm230524",NA
"tm233157","PG"
"tm245042",NA
"ts55223","TV-PG"
"tm239947",NA
"tm315345",NA
"tm239774",NA
"tm270982",NA
"tm238829","PG"
"tm233196",NA
"tm246056",NA
"tm311494",NA
"tm244635","R"
"tm227044","PG-13"
"ts75897",NA
"tm246579",NA
"ts81898",NA
"ts84398","TV-MA"
"tm244868",NA
"tm245155",NA
"ts52825","TV-14"
"ts54022",NA
"tm245293",NA
"tm456667",NA
"tm232832","PG-13"
"ts51367","TV-MA"
"tm239933",NA
"ts53346","TV-PG"
"tm228657",NA
"tm247644",NA
"tm212968",NA
"tm211424","PG-13"
"ts35505","TV-MA"
"ts78442","TV-MA"
"ts43258","TV-PG"
"tm230927","R"
"tm244577",NA
"tm227523",NA
"ts82327","TV-Y"
"tm230426","G"
"ts248736","TV-14"
"tm240728",NA
"tm283938",NA
"ts55966","TV-Y"
"tm236705",NA
"tm244923","PG-13"
"tm266622",NA
"tm134052",NA
"tm246543",NA
"ts53065","TV-14"
"tm272484",NA
"tm252609","PG-13"
"tm234064",NA
"tm240733",NA
"tm230478",NA
"tm267419",NA
"tm232930",NA
"tm149212",NA
"tm243931","G"
"tm307997",NA
"tm235227",NA
"tm219699",NA
"ts285233","TV-14"
"tm234136",NA
"tm239764",NA
"tm225675","PG"
"tm244380",NA
"tm526163",NA
"ts54117","TV-Y"
"tm244079",NA
"tm263743",NA
"tm246485","R"
"tm267017",NA
"tm224255","R"
"ts38812",NA
"tm234292",NA
"tm238717",NA
"ts38813","TV-Y7"
"tm271974",NA
"tm193378",NA
"tm201855",NA
"ts21876","TV-PG"
"tm232267",NA
"tm272012",NA
"tm217986","PG-13"
"tm215911",NA
"tm327551",NA
"tm238486",NA
"tm295349",NA
"tm233648",NA
"tm286268",NA
"tm214589",NA
"tm811691",NA
"tm375681","PG-13"
"tm316567",NA
"tm218683",NA
"tm243070",NA
"tm247444","PG-13"
"tm224275",NA
"tm66466","PG-13"
"tm340927","G"
"tm219739",NA
"tm231911",NA
"tm242002",NA
"ts81027","TV-14"
"tm554110","PG-13"
"tm211273",NA
"tm860487",NA
"ts83449","TV-14"
"tm273933",NA
"ts83450","TV-14"
"ts53017","TV-14"
"tm549892",NA
"tm528287",NA
"tm317850",NA
"tm494288",NA
"tm452046",NA
"tm207734","R"
"ts52950","TV-14"
"tm244842",NA
"ts83454","TV-14"
"tm350159",NA
"tm226320","PG-13"
"tm279828",NA
"tm319354",NA
"tm275726",NA
"tm311456",NA
"tm350374",NA
"tm296203","PG-13"
"tm235232",NA
"tm234773",NA
"tm243849",NA
"tm257141",NA
"tm234069","PG-13"
"tm278279",NA
"tm232947",NA
"tm290157",NA
"tm247396",NA
"tm246810",NA
"tm239078","PG-13"
"tm562821",NA
"tm282988",NA
"tm215265",NA
"tm211571","PG"
"tm242906",NA
"ts253685","TV-14"
"tm368725",NA
"tm1223831",NA
"tm203056","PG-13"
"tm233463","PG"
"tm313374",NA
"tm283909",NA
"tm235005",NA
"tm533845",NA
"tm267112",NA
"tm247767","G"
"tm198842","PG"
"tm232855",NA
"ts91990","TV-MA"
"tm421214",NA
"tm350044",NA
"tm424879",NA
"ts53513","TV-14"
"tm245050",NA
"tm247159",NA
"tm244041",NA
"tm407961",NA
"tm225416",NA
"ts82475","TV-14"
"tm198786",NA
"ts249161","TV-14"
"ts107658","TV-14"
"tm232090","PG-13"
"tm571645","R"
"tm350727","R"
"tm212909",NA
"tm233121","PG"
"tm272666",NA
"ts56544","TV-PG"
"tm245791",NA
"tm271333",NA
"tm409220",NA
"tm421382",NA
"tm1063792",NA
"tm234735",NA
"ts77795","TV-MA"
"ts56683","TV-MA"
"tm312676","PG"
"ts53864","TV-MA"
"tm239091","R"
"ts55668","TV-MA"
"tm313149","R"
"tm244208","R"
"ts81064","TV-14"
"ts81294","TV-14"
"ts53023","TV-14"
"tm244259","R"
"tm310953","R"
"tm232797","PG-13"
"ts78801","TV-14"
"tm366889","R"
"ts42405","TV-MA"
"tm315174","R"
"ts56768","TV-MA"
"ts83970","TV-14"
"ts79813","TV-MA"
"tm315344","R"
"tm318206","R"
"ts77398","TV-PG"
"ts81884","TV-MA"
"ts82584","TV-Y7"
"ts74816","TV-MA"
"ts75151","TV-MA"
"ts77955","TV-14"
"ts58133","TV-14"
"ts58433","TV-MA"
"tm266714","R"
"tm425889","R"
"ts42477","TV-MA"
"ts54102","TV-MA"
"ts56261","TV-MA"
"ts84785","TV-MA"
"tm244220","PG-13"
"ts57465","TV-14"
"tm367185","PG-13"
"ts57120","TV-14"
"ts57850","TV-MA"
"ts74823","TV-MA"
"ts53663","TV-MA"
"ts75097","TV-MA"
"ts79229","TV-MA"
"tm287684","R"
"ts55982","TV-G"
"tm244174","PG-13"
"ts76243","TV-MA"
"ts77852","TV-G"
"ts56969","TV-14"
"tm288010","R"
"ts39015","TV-PG"
"ts81208","TV-14"
"tm300280",NA
"tm244364","R"
"ts58155","TV-MA"
"ts269185","TV-14"
"ts53198","TV-PG"
"tm359978",NA
"tm414073","R"
"ts84328","TV-G"
"ts53545","TV-MA"
"ts58367","TV-MA"
"ts55798","TV-MA"
"tm412550","R"
"tm299741","PG-13"
"tm239286","PG-13"
"tm272060","R"
"ts241248","TV-PG"
"tm266666",NA
"tm288499","R"
"tm370212","PG-13"
"tm244191","R"
"ts72247","TV-14"
"ts75879","TV-MA"
"tm350379","R"
"ts74809","TV-14"
"ts55720","TV-MA"
"tm350","R"
"ts312241","TV-MA"
"tm320570","R"
"ts52821","TV-PG"
"tm357589",NA
"ts82189","TV-MA"
"tm233482","R"
"tm320281","R"
"tm319818","R"
"tm414887","R"
"ts82849","TV-MA"
"ts55781","TV-MA"
"ts78305","TV-MA"
"ts56648","TV-MA"
"ts42294","TV-MA"
"tm374132","R"
"tm280828","R"
"ts54054","TV-14"
"ts77518","TV-PG"
"ts82526","TV-MA"
"ts57055","TV-14"
"ts84574",NA
"tm371380","R"
"tm244197","PG-13"
"tm420348",NA
"ts77563","TV-14"
"ts76458","TV-MA"
"ts77824","TV-MA"
"ts77197","TV-MA"
"ts78558","TV-14"
"ts76869","TV-14"
"ts84280","TV-14"
"tm435086",NA
"tm414285",NA
"tm244206",NA
"ts79926","TV-14"
"tm273294",NA
"tm280060","PG-13"
"ts76865","TV-MA"
"tm226948","PG-13"
"ts83999","TV-Y7"
"tm371900",NA
"tm271951","R"
"tm244332","R"
"tm410435","PG-13"
"ts78430","TV-MA"
"ts82228","TV-14"
"ts58025","TV-Y"
"ts82597","TV-Y7"
"tm362881","PG"
"ts87369","TV-14"
"tm221953",NA
"tm227940","R"
"tm311815",NA
"ts55645","TV-MA"
"ts81331","TV-Y7"
"tm362098","R"
"ts80856","TV-14"
"tm317542",NA
"tm313683","R"
"tm414220","R"
"tm299677",NA
"tm244325","R"
"tm435916",NA
"tm433228","R"
"tm244307","R"
"ts80705","TV-MA"
"ts78080","TV-14"
"tm346943",NA
"tm233362",NA
"ts80035","TV-MA"
"ts82560","TV-MA"
"tm310706","R"
"tm244233","PG-13"
"tm317566","R"
"tm422491","R"
"tm449070","R"
"tm315340","R"
"tm307283",NA
"ts84010","TV-MA"
"tm366567","PG-13"
"ts55962","TV-MA"
"tm300615","R"
"ts56480","TV-MA"
"tm243326","R"
"ts57424","TV-MA"
"ts56511","TV-MA"
"tm349803",NA
"tm323634","PG-13"
"tm316414","R"
"ts80523","TV-14"
"tm434202",NA
"ts75772","TV-MA"
"ts121489","TV-14"
"ts77957","TV-14"
"ts78452","TV-MA"
"ts78356","TV-MA"
"ts86296","TV-MA"
"tm410742","PG-13"
"ts79422","TV-PG"
"ts78298","TV-14"
"ts88783","TV-Y7"
"tm244229","R"
"ts56038",NA
"ts57439","TV-MA"
"ts53936","TV-14"
"ts56481","TV-PG"
"tm348993","R"
"tm427308",NA
"ts85895","TV-MA"
"ts82302","TV-MA"
"tm245176",NA
"ts82281","TV-Y7"
"ts81344","TV-MA"
"tm240076",NA
"ts77525","TV-14"
"tm298084",NA
"tm423436","R"
"ts85568","TV-MA"
"ts77474","TV-MA"
"tm368449","R"
"tm433381","R"
"tm349278",NA
"tm363488","PG"
"tm315424","R"
"ts57303","TV-MA"
"tm310899","R"
"ts56594","TV-MA"
"ts76313","TV-14"
"tm417496","PG-13"
"tm352588","R"
"ts79660","TV-PG"
"tm314477",NA
"ts75263","TV-14"
"tm368241",NA
"tm503797",NA
"tm244175","PG-13"
"tm321224","R"
"ts90596",NA
"tm416105",NA
"tm285107","PG-13"
"tm319882","PG-13"
"tm420274",NA
"tm233294","R"
"tm320255","PG-13"
"ts83745",NA
"ts57814","TV-14"
"ts85810","TV-PG"
"tm412623",NA
"ts84904","TV-MA"
"tm374313","R"
"ts41527","TV-MA"
"tm411311","R"
"ts215037","TV-PG"
"tm368040","R"
"tm324155","R"
"ts84533","TV-Y7"
"tm244148","PG-13"
"ts55231","TV-14"
"tm363248",NA
"ts57082","TV-MA"
"tm420745",NA
"tm217228","NC-17"
"ts83455","TV-MA"
"ts79234","TV-G"
"tm426274",NA
"tm363103",NA
"tm139885","R"
"ts84056","TV-MA"
"tm244317",NA
"tm219259","R"
"ts86169","TV-MA"
"ts57947",NA
"ts113109","TV-Y"
"ts56670","TV-MA"
"tm370232","R"
"tm431347",NA
"tm211554","R"
"ts75164","TV-Y"
"ts57210","TV-14"
"tm292837",NA
"ts81542","TV-Y7"
"tm351101",NA
"tm328443","R"
"tm367065",NA
"tm281935","R"
"ts79157","TV-MA"
"ts57964","TV-Y7"
"tm439484","R"
"ts84930","TV-14"
"tm306301","R"
"tm139545","R"
"ts83906","TV-PG"
"tm374454","PG-13"
"ts78382","TV-14"
"ts80519","TV-Y7"
"tm423373","R"
"tm349800",NA
"ts77600","TV-MA"
"tm284015",NA
"ts83540","TV-MA"
"ts56201","TV-Y7"
"tm289181",NA
"tm312767","PG"
"tm436470",NA
"ts55491","TV-14"
"ts84243","TV-MA"
"ts57822","TV-MA"
"ts79020","TV-14"
"ts84779","TV-MA"
"tm411415",NA
"ts83561","TV-MA"
"tm370392","PG-13"
"tm300184",NA
"ts58225","TV-MA"
"tm414962","R"
"ts55581","TV-14"
"tm370436",NA
"ts81318",NA
"ts56718","TV-MA"
"ts89130","TV-MA"
"tm307910",NA
"ts82218","TV-PG"
"tm321596","R"
"tm351214",NA
"tm324870",NA
"tm406111",NA
"ts81918","TV-PG"
"ts85686","TV-14"
"tm298339",NA
"tm245937",NA
"tm464542",NA
"tm356742","PG"
"tm351216",NA
"ts83360","TV-MA"
"tm298846",NA
"tm414709","R"
"ts79045","TV-MA"
"tm367250","R"
"tm411507","R"
"ts39016","TV-MA"
"ts75749","TV-14"
"ts76486","TV-14"
"tm327199","PG-13"
"tm409766",NA
"ts79026","TV-MA"
"ts87043","TV-Y"
"ts55194","TV-14"
"ts82892","TV-MA"
"tm420797","PG-13"
"tm438502",NA
"tm411958",NA
"tm322243",NA
"ts75355","TV-MA"
"tm305437",NA
"ts76417","TV-MA"
"ts57080","TV-Y7"
"ts53367","TV-PG"
"tm312577","PG-13"
"tm413049","R"
"ts81885","TV-PG"
"ts80617","TV-MA"
"tm346467","R"
"ts77787","TV-MA"
"ts53101","TV-14"
"tm299790",NA
"tm219258","PG-13"
"ts85034","TV-MA"
"tm266652","PG-13"
"ts82372","TV-Y7"
"ts83232","TV-MA"
"tm244368",NA
"ts77799","TV-MA"
"ts86814","TV-MA"
"tm419733",NA
"tm352774","R"
"tm406881","PG-13"
"ts80720","TV-PG"
"tm317110",NA
"ts78507","TV-Y7"
"ts90994","TV-Y"
"tm437608","R"
"ts85175","TV-MA"
"tm407827","R"
"tm326723",NA
"ts81757","TV-MA"
"tm241990","PG-13"
"tm285356","R"
"ts75157","TV-Y"
"tm324820","R"
"ts53693","TV-Y7"
"ts85138","TV-PG"
"ts83251","TV-14"
"ts55348","TV-14"
"tm330869","PG"
"ts83763","TV-MA"
"ts86682","TV-PG"
"tm285340",NA
"ts78217","TV-MA"
"tm270999","PG"
"ts85659","TV-Y7"
"ts77034","TV-14"
"ts224746","TV-MA"
"tm349138",NA
"tm448122","PG-13"
"ts58152","TV-MA"
"ts83537","TV-MA"
"ts55939",NA
"ts85968",NA
"tm315584","PG-13"
"tm420334","R"
"ts75620","TV-MA"
"tm282910","PG-13"
"ts58175","TV-MA"
"tm425138","PG"
"tm307515",NA
"tm244519","PG-13"
"tm347821",NA
"ts75002","TV-MA"
"ts82770","TV-14"
"tm298779","PG"
"ts85170","TV-MA"
"tm369179",NA
"ts81734","TV-14"
"ts75981","TV-14"
"ts75477","TV-MA"
"ts83502","TV-MA"
"tm266685",NA
"tm409618","R"
"tm347530",NA
"ts57985","TV-G"
"ts58297",NA
"ts80959","TV-MA"
"tm313974",NA
"ts81821","TV-MA"
"tm359103",NA
"ts78291","TV-MA"
"tm1883","PG"
"ts81414","TV-14"
"ts76793","TV-MA"
"ts95569","TV-Y"
"ts78231","TV-MA"
"ts321277","TV-MA"
"ts83790","TV-14"
"ts228255","TV-Y"
"ts90869",NA
"tm271959",NA
"tm318200","PG-13"
"ts78590","TV-MA"
"tm375912","R"
"tm407775",NA
"ts236347","TV-MA"
"tm436844","PG"
"tm429163","R"
"tm308090",NA
"ts78206","TV-MA"
"tm427465",NA
"ts131579","TV-MA"
"ts83489",NA
"tm349529",NA
"tm372318","R"
"ts75341","TV-PG"
"tm299761","PG"
"ts57811","TV-14"
"ts75286","TV-PG"
"ts57148","TV-PG"
"ts83457","TV-Y"
"tm348003","R"
"tm219252",NA
"tm294581","R"
"tm290831","R"
"tm425732",NA
"ts81526","TV-MA"
"tm413557","PG"
"ts85837","TV-MA"
"tm285295",NA
"ts88234","TV-MA"
"tm366019",NA
"tm350607","G"
"tm434917",NA
"ts57464","TV-14"
"tm368538",NA
"tm445735",NA
"tm427293",NA
"tm353742","R"
"tm311898",NA
"tm326624",NA
"ts56125","TV-MA"
"ts53399","TV-14"
"tm443993",NA
"ts82445","TV-14"
"ts80411","TV-14"
"ts55232",NA
"tm420656","R"
"tm441198","PG"
"tm430104",NA
"ts309731","TV-Y"
"tm285649","R"
"tm313293","R"
"tm357820",NA
"ts86949","TV-PG"
"tm440996","R"
"tm260272",NA
"ts82375","TV-Y7"
"ts82843","TV-PG"
"ts80479","TV-MA"
"ts82268","TV-MA"
"tm446424",NA
"tm320727",NA
"ts78246","TV-MA"
"ts90594","TV-Y"
"ts84833","TV-MA"
"ts76603","TV-14"
"ts87194","TV-MA"
"tm313487",NA
"tm357479","R"
"ts82631",NA
"tm368310",NA
"ts76753","TV-MA"
"tm440415","PG"
"ts77755","TV-Y7"
"ts84646","TV-MA"
"tm300054",NA
"tm320670","PG"
"ts81583",NA
"tm233360",NA
"tm443186",NA
"tm314705",NA
"tm324124",NA
"tm417440",NA
"tm139564","PG-13"
"ts79997","TV-MA"
"tm327540","PG"
"ts82424","TV-MA"
"tm371630",NA
"ts53166",NA
"ts76478",NA
"tm344886",NA
"ts85202","TV-Y7"
"ts36650","TV-MA"
"tm420989",NA
"tm270490","R"
"tm325102","G"
"tm426202",NA
"tm313988",NA
"ts75750","TV-MA"
"tm404690",NA
"ts77545","TV-MA"
"ts75718","TV-MA"
"tm376903",NA
"tm359713",NA
"ts116101",NA
"ts57300","TV-PG"
"ts85967","TV-MA"
"ts9075","TV-MA"
"ts80313","TV-MA"
"tm238377",NA
"tm285171",NA
"tm363231","PG-13"
"ts79679","TV-MA"
"ts82298","TV-MA"
"ts84645","TV-MA"
"ts78299","TV-Y"
"tm424032",NA
"tm421776",NA
"ts74962","TV-Y"
"tm322569",NA
"tm266702",NA
"tm307776",NA
"ts77014","TV-MA"
"ts82181","TV-MA"
"tm426569",NA
"tm414447",NA
"tm311319",NA
"ts54050","TV-PG"
"ts80090","TV-PG"
"tm839847",NA
"tm405849","PG-13"
"tm344336",NA
"ts84799",NA
"tm406831","PG"
"ts79086","TV-MA"
"tm423761",NA
"ts82127","TV-MA"
"tm374845","PG-13"
"ts78053","TV-MA"
"tm311995","PG-13"
"tm366590",NA
"ts78031","TV-MA"
"tm515157","NC-17"
"tm434727",NA
"tm361770",NA
"tm371952",NA
"tm306811",NA
"tm425884",NA
"tm307612",NA
"tm366820",NA
"tm311789",NA
"tm244300",NA
"ts85732","TV-PG"
"ts55627","TV-MA"
"tm448479",NA
"tm301024",NA
"ts80059","TV-14"
"tm317491",NA
"ts56933","TV-PG"
"tm327053",NA
"tm419496","R"
"ts118696","TV-Y7"
"tm410748",NA
"ts79219","TV-MA"
"tm299764",NA
"tm408941","NC-17"
"ts85183","TV-MA"
"tm444469",NA
"ts84135","TV-MA"
"ts86067","TV-14"
"ts76245","TV-MA"
"tm412273",NA
"tm365122","PG"
"tm309903",NA
"tm362121",NA
"ts56033","TV-MA"
"ts56636","TV-14"
"ts92825","TV-Y"
"ts76509","TV-14"
"tm321628",NA
"tm299504",NA
"ts55978",NA
"tm346939",NA
"ts77520",NA
"tm326704",NA
"tm365824",NA
"ts85236","TV-MA"
"tm407295","R"
"tm357552",NA
"ts78789","TV-MA"
"tm438995","PG"
"tm404475",NA
"tm244274","PG-13"
"ts82867","TV-G"
"tm375302",NA
"tm376234",NA
"ts86164","TV-14"
"ts74959",NA
"tm314829",NA
"tm327622","R"
"ts78913",NA
"ts84780","TV-MA"
"ts85822","TV-14"
"tm371959",NA
"tm313120",NA
"tm429208","PG"
"ts76949","TV-MA"
"ts76511","TV-PG"
"tm362180","PG-13"
"ts53516","TV-Y7"
"tm372305",NA
"tm326773","PG-13"
"tm407714",NA
"tm318641","R"
"tm408306",NA
"tm233485",NA
"ts84346","TV-14"
"tm363329","PG"
"tm328175","R"
"ts90880","TV-Y7"
"tm344173","G"
"ts57913","TV-MA"
"tm307843",NA
"tm441060",NA
"ts58442","TV-MA"
"ts84772","TV-MA"
"tm370628",NA
"tm300027","G"
"ts80030","TV-MA"
"tm406098","R"
"ts77405",NA
"tm300056",NA
"tm355666",NA
"ts111582","TV-14"
"tm244292",NA
"ts85126",NA
"tm313712",NA
"ts70631","TV-14"
"tm359714",NA
"tm336712","R"
"tm376015",NA
"tm348010","R"
"ts83213","TV-14"
"tm238587","R"
"tm372662",NA
"tm438994",NA
"ts82419","TV-14"
"tm279585",NA
"tm270987",NA
"tm374216",NA
"tm362074",NA
"ts86945","TV-Y"
"ts55484","TV-MA"
"ts74805","TV-G"
"ts80042","TV-G"
"tm285298",NA
"ts80466",NA
"ts89067","TV-MA"
"ts78145","TV-MA"
"tm263427",NA
"ts77770",NA
"tm421335",NA
"tm428453",NA
"tm371741",NA
"ts80600","TV-14"
"tm295177",NA
"ts80413","TV-14"
"tm299783",NA
"ts83925",NA
"tm313748",NA
"ts79585","TV-Y7"
"tm444043",NA
"ts83554","TV-MA"
"tm287041",NA
"tm327652",NA
"tm416620",NA
"tm354644",NA
"ts82565","TV-MA"
"tm299730",NA
"tm331117",NA
"tm417317",NA
"tm359150",NA
"ts79409","TV-14"
"tm358666",NA
"ts119730","TV-Y"
"ts53264","TV-MA"
"ts83359","TV-14"
"ts83071","TV-MA"
"tm300447",NA
"ts84484",NA
"ts75012",NA
"ts80208","TV-MA"
"tm463806",NA
"tm350887","G"
"tm289882",NA
"ts255677","TV-Y7"
"tm296398",NA
"tm440946",NA
"tm361743",NA
"tm408104",NA
"ts94470",NA
"tm244521",NA
"tm414676",NA
"tm321627",NA
"tm307761",NA
"tm428073",NA
"ts83070","TV-14"
"tm356563",NA
"tm365670",NA
"tm415875",NA
"ts82398",NA
"ts78353","TV-MA"
"tm432838",NA
"ts84977",NA
"tm427143","R"
"ts82296","TV-MA"
"ts79330","TV-MA"
"tm346398",NA
"tm376840",NA
"tm367473",NA
"ts83430","TV-MA"
"tm409942",NA
"tm300440","PG-13"
"tm408890","PG"
"tm307950",NA
"tm375729",NA
"tm313424","PG-13"
"tm426117",NA
"tm244321",NA
"tm372610",NA
"tm409456",NA
"tm242108",NA
"ts95011","TV-MA"
"tm242765","PG"
"ts85276",NA
"tm322210",NA
"ts77467",NA
"ts83814",NA
"tm439854",NA
"tm340587","PG"
"ts68146","TV-PG"
"tm266705","PG-13"
"tm372891",NA
"ts78099",NA
"tm315850",NA
"tm421748",NA
"tm353046",NA
"tm418039",NA
"tm324588",NA
"tm440678","NC-17"
"tm995893",NA
"tm275437","PG"
"ts268283","TV-PG"
"ts89538",NA
"ts89069","TV-Y"
"tm426983",NA
"tm440278",NA
"tm307774","PG"
"ts78707","TV-MA"
"tm299396",NA
"ts75676","TV-14"
"tm366972",NA
"tm307751","PG"
"tm367008",NA
"tm437631",NA
"ts80993","TV-Y7"
"tm445899",NA
"tm236659",NA
"tm305112",NA
"tm353247",NA
"ts80057","TV-14"
"ts55936","TV-14"
"tm477838",NA
"tm375007",NA
"tm233484","PG"
"tm355724","PG"
"tm496588",NA
"ts82085",NA
"ts81886","TV-G"
"ts57281","TV-Y7"
"ts81036",NA
"ts82875","TV-MA"
"tm363878",NA
"ts80410",NA
"ts55533","TV-Y7"
"ts57116",NA
"tm347850","PG-13"
"ts85250","TV-Y7"
"tm411856",NA
"tm363003",NA
"tm348386",NA
"tm349752",NA
"ts112279",NA
"tm372054",NA
"tm440255",NA
"tm372061","PG"
"tm372917","PG"
"tm411503","PG-13"
"tm293867",NA
"ts84597","TV-MA"
"tm420800",NA
"tm273600",NA
"tm286532",NA
"tm320817",NA
"tm348568",NA
"tm348392",NA
"tm372486",NA
"tm327708",NA
"ts78767","TV-G"
"tm320489","G"
"tm411467",NA
"tm307767",NA
"ts79707","TV-MA"
"ts78692","TV-MA"
"tm432327","PG"
"ts81596","TV-MA"
"ts84932","TV-MA"
"ts84038",NA
"tm352705",NA
"tm376801",NA
"tm306631","PG-13"
"tm370447",NA
"tm375962","PG"
"ts79856","TV-MA"
"ts84782","TV-Y7"
"ts83045","TV-14"
"tm414340",NA
"tm313118","G"
"tm408871",NA
"ts83204",NA
"tm363787",NA
"tm409817",NA
"ts80751","TV-MA"
"tm286520",NA
"tm244287",NA
"ts74765",NA
"tm364206",NA
"tm411358",NA
"ts82559","TV-PG"
"ts81944","TV-MA"
"tm283559",NA
"ts75887","TV-14"
"ts89372","TV-Y"
"tm363922","PG-13"
"ts81856","TV-MA"
"ts76771","TV-G"
"tm476960",NA
"ts84335","TV-MA"
"tm373873",NA
"tm366143","PG-13"
"tm372969",NA
"ts93947","TV-MA"
"ts82160","TV-Y7"
"ts83247","TV-PG"
"tm405738","R"
"ts86994","TV-14"
"tm319512",NA
"tm374357","G"
"tm326089","PG-13"
"ts80084","TV-14"
"ts76646","TV-MA"
"ts75138",NA
"tm445255",NA
"ts75491",NA
"tm358609","R"
"tm409494",NA
"tm366973","PG-13"
"tm852185",NA
"ts80342","TV-MA"
"ts57291",NA
"tm431760",NA
"tm295558",NA
"tm434883",NA
"tm360945","PG-13"
"tm446206","G"
"tm320785",NA
"tm314939",NA
"tm345767",NA
"tm405901",NA
"tm445456","G"
"tm322200","G"
"tm358813",NA
"tm424888",NA
"tm323195",NA
"tm244277",NA
"tm314295",NA
"tm368441",NA
"tm325433",NA
"tm444799",NA
"tm359030",NA
"tm233345","R"
"ts84985",NA
"tm309115",NA
"tm358242",NA
"tm320206",NA
"ts80671","TV-MA"
"tm358239","PG"
"tm351688",NA
"tm362264",NA
"ts83429",NA
"tm463827",NA
"ts75357","TV-Y7"
"ts85217","TV-Y"
"tm421125",NA
"ts78757","TV-MA"
"tm311283",NA
"ts82192","TV-MA"
"tm275004",NA
"tm358949","G"
"ts85953","TV-Y"
"tm418870",NA
"tm413955",NA
"tm348073","G"
"tm359658",NA
"tm357272",NA
"ts84167","TV-MA"
"tm408892",NA
"tm371619",NA
"tm337040",NA
"tm361505",NA
"ts317239","TV-14"
"ts86279","TV-PG"
"tm417111",NA
"tm429984","PG"
"tm307551",NA
"ts265844","TV-PG"
"ts77219","TV-14"
"ts103638","TV-PG"
"tm449262",NA
"ts76159","TV-Y"
"tm412489",NA
"tm407318",NA
"tm429382","NC-17"
"tm321073",NA
"tm353627",NA
"ts58480",NA
"tm411313",NA
"tm367264",NA
"ts79988","TV-14"
"ts86302","TV-14"
"ts83710","TV-MA"
"ts55576","TV-Y7"
"ts84330",NA
"tm334949",NA
"ts222363","TV-Y7"
"ts77011",NA
"ts56251","TV-14"
"tm365961",NA
"tm413418",NA
"ts84644","TV-MA"
"tm370440",NA
"tm328052",NA
"tm359975",NA
"ts95274","TV-PG"
"tm348467",NA
"ts101883","TV-PG"
"tm326270",NA
"tm429567","PG-13"
"tm413129",NA
"tm444821",NA
"tm443537",NA
"tm435487",NA
"tm422715",NA
"tm558730","G"
"tm283322",NA
"tm356666","R"
"tm285329",NA
"tm422359",NA
"tm357708",NA
"tm311902",NA
"tm244310",NA
"tm247631",NA
"ts81485","TV-Y"
"tm366025",NA
"tm428597",NA
"tm352033",NA
"tm323602",NA
"tm416121",NA
"tm430281","R"
"ts80692","TV-MA"
"tm371622",NA
"tm428483",NA
"tm456983",NA
"ts82323",NA
"tm410298",NA
"tm464947",NA
"tm319310",NA
"ts85660",NA
"tm424898",NA
"tm351201","PG-13"
"tm429377",NA
"tm299771",NA
"tm324806",NA
"tm436171",NA
"tm431928",NA
"ts82705","TV-Y7"
"tm363088",NA
"tm1068348",NA
"tm375091",NA
"tm324204","PG"
"ts84200","TV-PG"
"tm370430",NA
"tm443034",NA
"tm348281",NA
"ts85618","TV-Y7"
"tm445153","G"
"tm407730",NA
"tm320249",NA
"tm374226",NA
"tm319477",NA
"ts84179",NA
"tm518107",NA
"tm245383","PG"
"tm350971",NA
"tm443283",NA
"tm279017",NA
"tm349656",NA
"tm512751",NA
"tm353875",NA
"tm327219",NA
"tm315865",NA
"ts106612","TV-PG"
"tm369433",NA
"tm435144",NA
"tm437159",NA
"tm414595",NA
"tm459527","PG-13"
"tm444564","R"
"tm446574","PG-13"
"tm356684",NA
"tm858471",NA
"tm430090",NA
"tm351181","PG-13"
"tm504329",NA
"tm431081",NA
"tm446987",NA
"tm375547",NA
"tm348175",NA
"tm351720",NA
"tm492277",NA
"tm461349",NA
"tm425748","PG"
"tm411257","PG"
"tm403197",NA
"tm368729",NA
"tm138667",NA
"tm314272",NA
"tm436266","R"
"tm447750",NA
"tm432313",NA
"tm433215",NA
"tm408781","PG-13"
"tm429186",NA
"tm459024",NA
"tm411288",NA
"ts85515",NA
"ts82500","TV-Y7"
"tm481188",NA
"tm851055",NA
"ts83820",NA
"tm313472","R"
"tm430057",NA
"tm316744",NA
"tm361312",NA
"ts84372","TV-MA"
"tm407349","PG"
"tm327951",NA
"tm447261",NA
"tm321149","G"
"tm684591","PG-13"
"tm360618",NA
"tm197806",NA
"tm404449",NA
"tm352865",NA
"tm412515",NA
"tm415938",NA
"tm364417",NA
"tm344562",NA
"tm317274",NA
"tm444257",NA
"tm1073482","G"
"tm348845",NA
"tm361588",NA
"tm434676",NA
"tm346867",NA
"ts84341","TV-14"
"tm319127",NA
"ts83663",NA
"ts231159","TV-Y"
"tm349140",NA
"tm416458","PG-13"
"tm409376",NA
"ts81857","TV-MA"
"tm430660",NA
"tm447263",NA
"ts272185",NA
"tm421161",NA
"tm347060","PG-13"
"tm478147",NA
"ts82564","TV-MA"
"tm374656",NA
"tm430059",NA
"tm434179",NA
"tm443073",NA
"tm445258",NA
"ts81632","TV-MA"
"tm346334",NA
"ts113031","TV-MA"
"tm294696","PG-13"
"ts236619","TV-Y"
"tm332500",NA
"tm325610",NA
"ts83025",NA
"tm351505",NA
"tm423315",NA
"tm423593",NA
"tm434126",NA
"ts87591","TV-14"
"tm332572",NA
"tm411508",NA
"tm439678",NA
"tm311193",NA
"tm430426",NA
"tm418894",NA
"ts58061","TV-PG"
"ts75320","TV-MA"
"ts119220","TV-MA"
"tm446104","G"
"tm352951",NA
"tm354136",NA
"tm447514","PG-13"
"tm374395","PG-13"
"tm376844","PG-13"
"tm426238",NA
"tm346390",NA
"ts104093",NA
"ts82887","TV-14"
"tm369315",NA
"tm320756",NA
"ts83407","TV-MA"
"tm345225",NA
"tm408257",NA
"tm371188",NA
"tm429174",NA
"tm362047",NA
"tm351171","PG-13"
"tm434776",NA
"tm444576","PG"
"tm814861",NA
"tm431214",NA
"tm363181","G"
"ts86360","TV-14"
"tm466084",NA
"tm413082",NA
"tm449860",NA
"tm463592",NA
"tm431169",NA
"tm835357",NA
"tm428982",NA
"tm476959","PG-13"
"tm458074",NA
"tm353791",NA
"tm246330","R"
"tm426994",NA
"tm364769",NA
"tm442354",NA
"tm423802","PG-13"
"tm426367","PG-13"
"tm312738",NA
"tm358746","PG"
"tm416341",NA
"tm368448",NA
"tm420311",NA
"tm316658",NA
"tm325650",NA
"tm424162",NA
"tm368350",NA
"tm438105",NA
"tm373864",NA
"tm323300",NA
"tm422510",NA
"tm327619",NA
"tm407881",NA
"tm440208",NA
"tm435333",NA
"tm367105",NA
"tm1118527",NA
"tm307698",NA
"tm373134","G"
"tm352642",NA
"tm446558",NA
"tm336227",NA
"tm242887",NA
"tm413266","G"
"tm1063790",NA
"tm438423",NA
"tm447328",NA
"tm1223999",NA
"tm376421",NA
"tm411649",NA
"tm364525",NA
"tm328041",NA
"tm445852",NA
"tm479734",NA
"tm438005",NA
"tm436704",NA
"tm348191",NA
"tm701033",NA
"tm1223783",NA
"tm469399",NA
"tm305227",NA
"tm350116",NA
"tm361161","PG-13"
"tm349418",NA
"tm450512",NA
"tm415245",NA
"tm479933","G"
"tm345960",NA
"tm417488",NA
"tm1073433","G"
"tm370781",NA
"tm362878",NA
"tm358370",NA
"tm369453",NA
"tm815509",NA
"tm358188",NA
"tm442805","PG-13"
"tm307383",NA
"tm478701",NA
"tm414746",NA
"tm324753",NA
"tm314138",NA
"ts81828","TV-Y"
"tm429383",NA
"ts55735","TV-14"
"tm244473",NA
"tm478654",NA
"ts80859","TV-14"
"tm460198",NA
"tm369210",NA
"tm404569",NA
"tm321563",NA
"tm367613",NA
"tm350945",NA
"tm478967","R"
"tm438250",NA
"tm369456",NA
"tm368284",NA
"tm376709",NA
"tm316923",NA
"tm1073233","G"
"tm375836","R"
"tm480647",NA
"tm450769",NA
"tm362737",NA
"ts81827","TV-Y"
"tm452767",NA
"tm430666",NA
"tm369079",NA
"tm416134",NA
"tm404828",NA
"tm321035",NA
"tm441915","G"
"tm361633",NA
"ts229123",NA
"tm368006",NA
"tm840936","PG"
"tm430459",NA
"tm440324",NA
"ts78444","TV-Y"
"tm1146751",NA
"tm411528","PG"
"ts84555","TV-MA"
"tm153164",NA
"tm320949",NA
"tm428877",NA
"tm314677",NA
"ts54112","TV-PG"
"tm306680",NA
"tm430748","PG"
"tm369452",NA
"tm471288",NA
"ts80445",NA
"tm444907",NA
"tm491499","G"
"tm493814",NA
"tm404610",NA
"tm465864","PG-13"
"ts82591","TV-PG"
"tm433087",NA
"tm336084",NA
"tm360763",NA
"tm370472",NA
"tm368697",NA
"ts250172","TV-PG"
"tm420789","PG"
"tm448690",NA
"ts97584","TV-MA"
"tm819641",NA
"tm458186",NA
"tm430496",NA
"tm327926",NA
"tm327636",NA
"tm366383","G"
"tm349134",NA
"tm285712",NA
"tm834886",NA
"tm494577",NA
"tm426260",NA
"ts76645","TV-14"
"ts216746","TV-PG"
"ts89840","TV-14"
"tm441050","R"
"ts87466","TV-MA"
"ts88361","TV-MA"
"ts87248","TV-14"
"ts90311","TV-MA"
"ts80962","TV-MA"
"ts86497","TV-MA"
"ts254656","TV-PG"
"ts57327","TV-MA"
"ts216679","TV-MA"
"ts237109","TV-MA"
"ts81007","TV-MA"
"tm510203","PG-13"
"ts86912","TV-14"
"ts252505","TV-PG"
"ts191559","TV-14"
"ts89259","TV-MA"
"ts83555","TV-14"
"ts82915","TV-MA"
"ts82914","TV-MA"
"ts215046","TV-MA"
"ts90234","TV-MA"
"ts88613","TV-MA"
"ts81120","TV-MA"
"ts87953","TV-14"
"ts235655","TV-MA"
"ts84146","TV-MA"
"tm681578","R"
"ts221904","TV-MA"
"ts55762","TV-MA"
"tm369594","R"
"tm244149","R"
"ts100116","TV-PG"
"ts219101","TV-MA"
"ts87453","TV-MA"
"ts222988","TV-14"
"ts235758","TV-14"
"tm496322","R"
"ts224901","TV-MA"
"tm863808",NA
"tm827638","R"
"ts84633","TV-MA"
"tm460124","R"
"ts88379","TV-MA"
"tm824398",NA
"tm911973","PG-13"
"ts249891","TV-MA"
"tm849003","R"
"ts89564","TV-MA"
"tm845489",NA
"tm403709","R"
"ts224303","TV-14"
"tm362198","PG-13"
"tm368699","R"
"tm828369",NA
"tm502532",NA
"tm417392","R"
"ts219660","TV-MA"
"ts57213","TV-PG"
"ts82913","TV-MA"
"tm414584","R"
"ts221200","TV-MA"
"tm817504",NA
"tm412937","R"
"ts237107","TV-14"
"tm456156","PG-13"
"tm943790","PG"
"tm239927","R"
"ts89210","TV-MA"
"tm919961","R"
"tm427335","R"
"tm431321","R"
"tm417553","R"
"tm821789","R"
"tm834851","R"
"ts223210","TV-MA"
"ts223548","TV-MA"
"tm827648","R"
"tm460948","PG-13"
"ts107724","TV-MA"
"tm847085","PG-13"
"tm494295",NA
"tm916405","R"
"tm823545",NA
"ts90448","TV-MA"
"tm244207","R"
"tm849004","PG-13"
"ts218802","TV-14"
"ts287836","TV-MA"
"tm423666","PG-13"
"tm818266",NA
"ts225651","TV-MA"
"tm813695","R"
"tm448792","R"
"tm1121246",NA
"ts222439",NA
"tm447963","R"
"ts104401","TV-MA"
"tm832345",NA
"ts304505","TV-MA"
"ts103702","TV-MA"
"ts88577","TV-MA"
"ts85398","TV-G"
"ts91039","TV-MA"
"ts257301",NA
"ts95997","TV-G"
"tm428856","PG-13"
"tm983787","R"
"tm840196","R"
"ts223530","TV-MA"
"tm455636","R"
"ts82912","TV-MA"
"tm824331",NA
"ts84663","TV-14"
"tm441231","PG-13"
"tm843444","R"
"tm832916","PG-13"
"ts242210","TV-MA"
"ts221016","TV-MA"
"ts221749","TV-MA"
"ts86165","TV-MA"
"ts225522","TV-MA"
"ts116814","TV-MA"
"ts246072","TV-MA"
"tm458553","R"
"ts218569","TV-PG"
"tm886464","R"
"ts235672",NA
"tm417416","PG-13"
"tm439163","PG-13"
"tm426428","PG-13"
"ts84661","TV-MA"
"tm441232","R"
"ts220751","TV-PG"
"tm450262",NA
"ts83082","TV-MA"
"ts113842","TV-MA"
"tm435520","PG-13"
"tm443615","PG-13"
"tm432765","R"
"ts129445","TV-MA"
"tm456436",NA
"ts241486","TV-PG"
"tm470240","PG-13"
"tm458585","R"
"tm678022","PG-13"
"ts237560","TV-MA"
"ts269397","TV-MA"
"tm361746","PG-13"
"ts105825","TV-MA"
"tm821143","R"
"ts113506","TV-MA"
"tm453862",NA
"tm849022","R"
"ts89339","TV-MA"
"ts88909","TV-14"
"ts103133","TV-MA"
"tm358770",NA
"ts83491","TV-MA"
"tm420826","R"
"ts281928","TV-MA"
"tm372066","PG-13"
"ts223981","TV-MA"
"ts89014","TV-PG"
"ts83657","TV-MA"
"tm499045","R"
"tm836438","PG-13"
"ts250997","TV-PG"
"tm444017","R"
"ts215012","TV-Y7"
"tm433462","R"
"ts103329","TV-14"
"tm927718","PG-13"
"ts215683","TV-14"
"tm548602",NA
"ts236531","TV-MA"
"tm325325",NA
"tm845484","PG-13"
"tm332071","R"
"ts80709","TV-MA"
"ts256007","TV-MA"
"ts86908","TV-14"
"ts105441",NA
"ts227305","TV-MA"
"tm943774","R"
"ts88469","TV-MA"
"tm824488",NA
"tm428557","R"
"tm878333",NA
"tm893480","R"
"tm413660",NA
"ts284800","TV-MA"
"tm820190",NA
"tm853953","PG-13"
"ts88262","TV-MA"
"ts286390","TV-MA"
"ts224907","TV-14"
"ts161737","TV-MA"
"ts225867","TV-14"
"ts187541","TV-14"
"tm464662",NA
"tm455568","R"
"ts88283","TV-MA"
"tm471967","R"
"tm447788",NA
"ts215341","TV-G"
"tm361998",NA
"ts105047","TV-MA"
"tm451078","PG"
"tm414341","R"
"ts215691","TV-MA"
"tm450375",NA
"ts90729","TV-14"
"tm437221","R"
"tm845496","R"
"ts242820","TV-Y7"
"ts288350","TV-G"
"tm449105","R"
"tm418847","PG-13"
"ts89744","TV-MA"
"ts82361","TV-14"
"tm498803","R"
"tm819950",NA
"ts250801","TV-MA"
"tm315255","PG"
"ts223986","TV-MA"
"tm853783","PG"
"ts216522","TV-MA"
"ts82851","TV-MA"
"tm411750","R"
"ts252758","TV-PG"
"ts84993","TV-MA"
"ts224859","TV-MA"
"tm469991",NA
"tm877681","R"
"tm434553","R"
"ts255427","TV-MA"
"ts269690","TV-MA"
"tm428558",NA
"tm927037","PG"
"ts88699","TV-14"
"ts223240","TV-MA"
"tm884511","PG-13"
"tm285317","PG-13"
"tm817709",NA
"tm845512","R"
"tm824477","PG"
"tm927480",NA
"ts88151","TV-MA"
"tm444247","PG"
"tm355783","R"
"tm449195",NA
"tm925486","R"
"tm934040","R"
"ts225101","TV-14"
"ts79695","TV-MA"
"tm469193","PG-13"
"ts223404","TV-MA"
"ts89075","TV-14"
"ts268799",NA
"ts237499","TV-MA"
"tm420455","PG"
"ts236747","TV-MA"
"tm925584","R"
"tm914535","PG-13"
"ts90019","TV-MA"
"tm423140",NA
"tm348403","G"
"ts87364","TV-MA"
"tm878842",NA
"tm453099",NA
"tm446176",NA
"ts250912","TV-MA"
"ts219162","TV-14"
"tm316311","R"
"tm375883","PG"
"ts268560","TV-14"
"ts306090","TV-MA"
"tm974366","PG"
"tm443179",NA
"tm498034",NA
"tm446609",NA
"ts105542","TV-14"
"ts83107","TV-MA"
"ts251782","TV-14"
"tm810547",NA
"tm919864",NA
"ts88721","TV-MA"
"ts89347","TV-G"
"ts236091","TV-14"
"tm827508","R"
"tm845415","R"
"ts89747","TV-MA"
"ts81646","TV-MA"
"tm822246","R"
"ts108392","TV-PG"
"ts236685",NA
"ts227385","TV-14"
"tm948128","PG"
"ts222455","TV-MA"
"tm828069",NA
"tm935309","R"
"ts106536","TV-MA"
"tm458467",NA
"ts84586","TV-MA"
"ts89251","TV-MA"
"ts90937","TV-14"
"ts86978","TV-Y7"
"tm426638",NA
"tm852996",NA
"ts87471","TV-14"
"tm464557","PG-13"
"ts86946","TV-MA"
"ts86726","TV-PG"
"tm554944",NA
"tm845437",NA
"tm463385",NA
"tm856375","R"
"tm822907",NA
"tm952590",NA
"tm918706",NA
"tm910040",NA
"ts243036","TV-PG"
"tm831061","PG-13"
"ts271247","TV-Y7"
"ts255926","TV-14"
"tm827216",NA
"ts76382","TV-Y7"
"ts89282","TV-MA"
"tm497383","R"
"tm475252",NA
"tm887450",NA
"ts321758","TV-MA"
"tm898474",NA
"tm852097",NA
"tm471878","PG-13"
"tm827142","R"
"ts256309","TV-MA"
"ts219080","TV-MA"
"ts256764","TV-14"
"tm828317",NA
"ts251157","TV-Y7"
"tm918734","R"
"tm818502",NA
"ts223308","TV-MA"
"tm926004",NA
"tm490222",NA
"tm467579",NA
"ts215178","TV-MA"
"ts213820","TV-14"
"ts89326","TV-MA"
"ts223759","TV-MA"
"tm452826","PG-13"
"tm928541","G"
"tm858954",NA
"tm845549",NA
"tm432022","PG"
"ts192440","TV-PG"
"ts225912","TV-MA"
"ts93066","TV-MA"
"tm475783",NA
"ts219561","TV-14"
"tm452851",NA
"ts85480","TV-PG"
"ts89958",NA
"ts88485","TV-Y7"
"ts252856","TV-14"
"tm465724",NA
"tm849005","PG"
"ts225787","TV-MA"
"ts254592","TV-MA"
"ts218500","TV-Y"
"tm451512","R"
"ts224796","TV-14"
"tm369389",NA
"tm933375","NC-17"
"ts251420",NA
"tm471922",NA
"tm465231",NA
"tm922788","R"
"ts87473","TV-MA"
"ts89881","TV-14"
"ts251654","TV-14"
"ts237751","TV-14"
"ts104449","TV-MA"
"tm827501","PG"
"tm936236",NA
"ts251067","TV-G"
"ts225328","TV-PG"
"ts223344","TV-MA"
"ts214861","TV-MA"
"tm120072","PG-13"
"ts93054","TV-MA"
"tm936396",NA
"tm676311",NA
"tm464351","R"
"tm493175",NA
"ts237513","TV-MA"
"ts87986","TV-14"
"ts252098","TV-MA"
"ts93611","TV-MA"
"ts85619","TV-MA"
"tm283581","NC-17"
"tm447439",NA
"tm885775","PG-13"
"ts100359","TV-MA"
"ts235862","TV-14"
"ts105608","TV-MA"
"ts93482",NA
"tm835486",NA
"ts103360","TV-MA"
"ts236501","TV-MA"
"ts256784","TV-Y"
"tm511940","R"
"tm837756",NA
"tm460829",NA
"tm853396","PG-13"
"ts106126","TV-MA"
"tm877456",NA
"ts190462","TV-MA"
"tm459512","PG-13"
"ts225430",NA
"ts218888","TV-14"
"tm847998","PG-13"
"ts88352",NA
"tm931686","PG-13"
"ts237096","TV-MA"
"ts83810","TV-MA"
"tm461366",NA
"tm467299",NA
"ts254537","TV-MA"
"ts86413","TV-14"
"ts252341","TV-14"
"ts90413","TV-G"
"ts275111","TV-Y"
"ts87008","TV-MA"
"tm855600","R"
"tm503508","R"
"tm824165",NA
"tm425698","R"
"tm446625",NA
"ts254045",NA
"ts225716","TV-MA"
"ts88312","TV-MA"
"ts222917","TV-MA"
"tm918701",NA
"tm850723",NA
"tm855483",NA
"ts101408","TV-MA"
"ts189629",NA
"ts215378","TV-14"
"tm475836",NA
"tm524282",NA
"tm857051","PG-13"
"ts223126","TV-14"
"ts90621","TV-MA"
"tm451548",NA
"ts223077",NA
"tm469008",NA
"tm816038",NA
"ts357033",NA
"ts236725","TV-MA"
"tm812916",NA
"ts255880","TV-G"
"ts113637","TV-MA"
"tm845535",NA
"tm447159",NA
"ts89119","TV-14"
"ts251617","TV-14"
"ts103890",NA
"tm938793",NA
"tm897732","G"
"ts225460","TV-MA"
"tm924991","R"
"ts277126","TV-MA"
"ts110703",NA
"ts84129","TV-PG"
"tm893799",NA
"ts237104","TV-PG"
"tm430171",NA
"tm848996","PG"
"tm846964",NA
"tm902330","R"
"tm450478",NA
"ts89583","TV-MA"
"ts238242","TV-MA"
"tm826563","PG"
"tm500565","R"
"tm887369",NA
"tm844642",NA
"tm981451",NA
"tm822832",NA
"ts236051","TV-MA"
"tm680024",NA
"tm678851",NA
"tm935895","PG-13"
"tm855535",NA
"tm893816",NA
"ts223238","TV-14"
"ts88296","TV-MA"
"ts86744",NA
"ts106141","TV-MA"
"tm860965",NA
"tm371882","PG-13"
"tm890674","PG"
"ts189422","TV-MA"
"tm447520",NA
"tm977997","G"
"ts89028","TV-MA"
"ts187070","TV-Y"
"ts252122","TV-MA"
"ts111206","TV-Y7"
"ts90995","TV-MA"
"tm812998",NA
"ts223192","TV-14"
"ts254600","TV-MA"
"tm857430","R"
"ts226588","TV-14"
"ts242244","TV-MA"
"ts268608","TV-MA"
"ts189405","TV-MA"
"tm452573",NA
"ts254916","TV-MA"
"tm834664",NA
"ts251028","TV-MA"
"ts103213","TV-MA"
"tm493511",NA
"ts268508","TV-PG"
"ts92547",NA
"ts88744","TV-MA"
"tm883441",NA
"tm847430",NA
"tm922532","NC-17"
"ts221293",NA
"ts217719","TV-PG"
"ts226602","TV-MA"
"ts255104","TV-MA"
"tm885860",NA
"ts101060","TV-PG"
"ts222367",NA
"ts86365","TV-PG"
"tm453850",NA
"ts91124","TV-MA"
"ts222634","TV-MA"
"ts223589","TV-MA"
"tm472195",NA
"ts317497","TV-MA"
"ts256783","TV-MA"
"tm455059","R"
"tm893680",NA
"tm888080",NA
"tm854669",NA
"ts222933",NA
"ts223982",NA
"ts89876","TV-MA"
"tm917036",NA
"ts218277","TV-MA"
"ts315066","TV-MA"
"ts223659",NA
"ts219422",NA
"tm458127",NA
"ts225102","TV-14"
"ts88336",NA
"ts102933","TV-MA"
"tm454375","PG-13"
"tm838687",NA
"ts224072","TV-MA"
"ts254568","TV-MA"
"tm848995","PG"
"ts105192",NA
"tm470560",NA
"ts272134","TV-Y7"
"ts219895","TV-MA"
"tm883189",NA
"tm1127695",NA
"tm469400",NA
"tm670553",NA
"tm942240",NA
"tm839411",NA
"ts226468","TV-MA"
"tm823355","R"
"ts110635","TV-MA"
"ts215718","TV-MA"
"ts87224","TV-14"
"ts192297","TV-Y"
"tm857187",NA
"ts224198","TV-MA"
"tm814671",NA
"ts87372","TV-14"
"ts93981","TV-MA"
"ts103209","TV-14"
"ts218564","TV-MA"
"tm472411",NA
"tm826368",NA
"tm824559",NA
"tm376739","PG"
"ts108593","TV-14"
"ts223948","TV-MA"
"ts223456","TV-14"
"tm814644",NA
"tm458326",NA
"tm449594",NA
"ts268551",NA
"ts226617","TV-MA"
"tm454824",NA
"ts220248","TV-PG"
"ts270439","TV-G"
"tm853113",NA
"tm885805","R"
"ts91087",NA
"ts90645","TV-MA"
"ts236033","TV-MA"
"tm453994",NA
"ts220552",NA
"ts254737","TV-Y"
"ts104483","TV-MA"
"ts106015","TV-MA"
"ts107963","TV-14"
"ts218803",NA
"tm458328","PG-13"
"tm838869",NA
"tm470836",NA
"tm840438",NA
"ts225860","TV-MA"
"ts89231","TV-PG"
"tm495609",NA
"ts225162","TV-PG"
"ts105645","TV-MA"
"tm833638",NA
"ts288353",NA
"ts110637","TV-MA"
"tm453903",NA
"tm461829",NA
"tm446581",NA
"tm831873",NA
"ts90063","TV-Y7"
"tm868777",NA
"tm483997",NA
"tm838876","R"
"ts225718","TV-MA"
"ts222609",NA
"tm819054",NA
"ts236388",NA
"ts216474","TV-MA"
"ts86927","TV-MA"
"tm915043","R"
"ts187443","TV-MA"
"tm827304",NA
"tm954303",NA
"ts217356","TV-MA"
"ts220983",NA
"tm917846",NA
"ts213544",NA
"ts251061","TV-14"
"tm467467","PG-13"
"ts312044","TV-Y"
"ts221174","TV-Y"
"tm467848","PG-13"
"tm917974","R"
"tm848443",NA
"ts223895",NA
"tm917822",NA
"ts269501","TV-MA"
"ts269442","TV-14"
"tm889018",NA
"tm843768","PG"
"tm846166",NA
"tm819107",NA
"tm886086","R"
"tm847629",NA
"ts89048","TV-PG"
"ts88937","TV-MA"
"ts82739","TV-MA"
"ts251615","TV-MA"
"ts89832","TV-14"
"ts216493","TV-MA"
"tm375446",NA
"tm881859",NA
"ts217891","TV-14"
"tm986700",NA
"tm674099",NA
"tm434830","R"
"ts254982",NA
"tm473601",NA
"tm475162","R"
"ts88841","TV-14"
"ts104840","TV-MA"
"tm814734",NA
"tm912373",NA
"tm916997","PG-13"
"tm465408",NA
"tm826473",NA
"tm932595","PG"
"tm454156",NA
"ts221365","TV-MA"
"tm889679","PG"
"ts251560",NA
"tm502151","PG"
"ts223242","TV-MA"
"ts237773","TV-MA"
"ts268099","TV-Y7"
"tm927286","PG-13"
"tm881162","PG-13"
"tm319139",NA
"tm461159",NA
"tm305433",NA
"ts314529","TV-Y"
"tm980097",NA
"ts237488","TV-MA"
"tm485801",NA
"tm978401",NA
"ts253722","TV-G"
"ts268890","TV-14"
"tm835869","R"
"ts114080",NA
"ts219049","TV-MA"
"ts251512","TV-MA"
"ts90356",NA
"ts222325",NA
"ts89291","TV-MA"
"ts225544","TV-MA"
"tm836662",NA
"ts251618","TV-PG"
"ts85451","TV-MA"
"tm457856",NA
"ts226403","TV-MA"
"ts90902",NA
"tm464435",NA
"ts224891","TV-MA"
"ts218176","TV-PG"
"ts222380","TV-MA"
"ts236653","TV-MA"
"ts252166",NA
"ts245653","TV-MA"
"tm823488",NA
"tm816992","PG-13"
"ts225669",NA
"ts255809","TV-14"
"ts237208",NA
"ts88271",NA
"ts256853","TV-MA"
"ts87320","TV-MA"
"tm854278","PG-13"
"tm467804",NA
"ts225410","TV-MA"
"tm451502",NA
"tm884369",NA
"tm454096",NA
"tm850454",NA
"ts251272","TV-MA"
"tm814150",NA
"ts90980","TV-MA"
"ts185885","TV-MA"
"tm864480",NA
"ts227412","TV-Y7"
"ts221366","TV-MA"
"ts91741",NA
"tm518467",NA
"ts254293","TV-G"
"tm844250","PG-13"
"tm816593",NA
"ts251119","TV-MA"
"ts237111","TV-MA"
"ts233530",NA
"tm366245",NA
"tm948100",NA
"tm857399",NA
"ts237014",NA
"tm941382","PG"
"tm571805","R"
"tm931330","PG-13"
"ts351349","TV-PG"
"tm981863",NA
"tm932201",NA
"ts314647",NA
"tm494731",NA
"tm470378",NA
"tm1081074",NA
"ts105601","TV-Y7"
"ts269844",NA
"ts101874",NA
"ts89656","TV-14"
"tm452962",NA
"ts267956",NA
"ts217389","TV-MA"
"ts236332","TV-PG"
"tm898169","PG"
"ts85510","TV-MA"
"ts187386","TV-G"
"tm894619","G"
"tm458893","R"
"tm897170",NA
"ts254767","TV-PG"
"tm449590",NA
"tm884581",NA
"ts104168","TV-MA"
"ts221363","TV-MA"
"ts222049","TV-MA"
"tm898262",NA
"tm462611",NA
"tm844513",NA
"tm854876",NA
"ts237071","TV-MA"
"tm987599",NA
"tm462778",NA
"tm890660",NA
"tm421560",NA
"tm857397",NA
"tm472766",NA
"tm460360",NA
"tm973536","R"
"ts191121","TV-MA"
"ts213232","TV-PG"
"tm462660",NA
"ts251378","TV-PG"
"ts218890","TV-14"
"ts268592",NA
"ts216593","TV-MA"
"ts241460","TV-PG"
"ts88552","TV-Y7"
"ts87361",NA
"ts296153","TV-PG"
"tm946604",NA
"tm514257",NA
"tm933826",NA
"tm835432",NA
"tm933447",NA
"ts224164","TV-PG"
"tm1147120",NA
"tm453098",NA
"ts270465",NA
"tm886283","R"
"ts214192","TV-MA"
"tm920096",NA
"ts250871","TV-MA"
"ts252141","TV-Y7"
"ts87488","TV-G"
"ts222606","TV-14"
"tm475501",NA
"tm464888","PG-13"
"tm880059","R"
"ts216744","TV-Y7"
"ts251783",NA
"tm933639","PG"
"tm675171",NA
"ts314648",NA
"ts214579",NA
"ts270742",NA
"ts228502","TV-MA"
"tm455410","PG-13"
"ts214462","TV-14"
"ts104485","TV-MA"
"ts214280","TV-MA"
"tm450673",NA
"tm855827",NA
"tm1108868",NA
"tm812781",NA
"ts88133","TV-14"
"tm857921","PG-13"
"tm494531",NA
"ts89361","TV-14"
"ts268758","TV-MA"
"tm912400",NA
"tm465513",NA
"tm944331",NA
"ts236769","TV-PG"
"tm823302","PG-13"
"tm496648",NA
"tm430106",NA
"ts225379","TV-MA"
"ts224794","TV-G"
"ts306187","TV-PG"
"ts236182","TV-MA"
"ts231260",NA
"ts188840","TV-MA"
"ts268648","TV-MA"
"tm817542","G"
"tm918043",NA
"tm454861",NA
"tm450698",NA
"ts103935","TV-MA"
"tm889629","PG"
"tm895839",NA
"ts89696","TV-14"
"ts190452","TV-14"
"ts215869",NA
"ts90280","TV-MA"
"tm474548","PG"
"tm946718",NA
"ts100354","TV-MA"
"ts88471","TV-MA"
"tm466255",NA
"tm832903",NA
"tm450832",NA
"tm450462",NA
"tm882887",NA
"ts225647","TV-MA"
"ts86928","TV-14"
"tm847678",NA
"tm960414","PG-13"
"ts90640","TV-14"
"tm945168",NA
"tm889200",NA
"ts84639","TV-MA"
"ts251094","TV-14"
"tm466954",NA
"tm857805",NA
"ts86940","TV-MA"
"ts89315","TV-MA"
"tm848663",NA
"ts256898",NA
"tm413558",NA
"tm827168",NA
"ts87698","TV-MA"
"tm679284",NA
"tm925858",NA
"tm972010",NA
"tm483420",NA
"ts91034","TV-MA"
"tm821164",NA
"tm514494",NA
"ts87489","TV-MA"
"tm825102",NA
"ts217045",NA
"ts235979","TV-MA"
"ts88169",NA
"ts256297",NA
"tm932609",NA
"tm447755",NA
"tm448767","PG"
"tm462277",NA
"ts253549",NA
"ts252661","TV-MA"
"tm970327",NA
"tm814894","PG-13"
"ts256606","TV-MA"
"tm843276",NA
"tm949267",NA
"tm919106","PG-13"
"tm850862",NA
"tm494847","PG"
"ts254817",NA
"ts215166",NA
"tm931436","R"
"tm943718",NA
"ts251621","TV-14"
"tm837690",NA
"tm484989",NA
"ts216513","TV-G"
"tm879609",NA
"tm897418",NA
"tm863890",NA
"tm844497",NA
"tm420181",NA
"tm847623","R"
"tm925218",NA
"ts188991","TV-MA"
"ts90511","TV-MA"
"ts237239",NA
"tm977464",NA
"ts191285","TV-PG"
"tm946360",NA
"tm858416",NA
"tm984935",NA
"tm917325",NA
"tm838954",NA
"tm675154",NA
"ts91125",NA
"tm844662",NA
"tm918853","PG"
"ts216698",NA
"tm460815",NA
"ts90466","TV-MA"
"tm856424",NA
"tm470252",NA
"tm919082",NA
"tm843938",NA
"ts226410",NA
"tm455161",NA
"tm869307",NA
"tm452440",NA
"tm849407",NA
"ts223690",NA
"tm898759",NA
"tm831934",NA
"tm465427",NA
"tm851346",NA
"tm834230",NA
"tm475339",NA
"tm892081","R"
"ts78324","TV-Y7"
"tm954543","R"
"tm975398",NA
"ts113748","TV-PG"
"tm948916",NA
"ts222625",NA
"ts90508","TV-PG"
"ts221041","TV-14"
"ts223084","TV-MA"
"ts269157","TV-MA"
"tm897771","PG-13"
"tm910999",NA
"ts101503","TV-PG"
"tm830833",NA
"tm819497",NA
"tm836674",NA
"ts269740","TV-MA"
"tm373452",NA
"tm982100",NA
"ts90789","TV-MA"
"tm945825","PG"
"tm885669","PG"
"tm945435",NA
"tm474061",NA
"tm837843",NA
"tm840761","G"
"tm856593",NA
"tm948607",NA
"tm351938",NA
"tm470597",NA
"tm426630",NA
"tm483602",NA
"tm886214",NA
"tm919903",NA
"tm835305",NA
"tm455981",NA
"tm836638",NA
"ts59542",NA
"ts105589","TV-Y"
"tm847008",NA
"ts222438","TV-14"
"tm452929","PG-13"
"tm845532",NA
"tm818786",NA
"tm834715",NA
"tm830795",NA
"tm450095",NA
"tm833382","PG-13"
"ts222802","TV-14"
"tm477006",NA
"ts243256","TV-MA"
"ts250803","TV-14"
"tm825952",NA
"tm863992",NA
"ts112733","TV-MA"
"ts90095","TV-14"
"tm466832","PG"
"tm845020",NA
"tm871330",NA
"tm458418",NA
"tm817087",NA
"tm461827",NA
"tm947555",NA
"tm372035",NA
"ts250920","TV-MA"
"tm819016",NA
"tm838765",NA
"tm818588",NA
"tm811971",NA
"ts112667","TV-Y"
"tm845850",NA
"ts104507",NA
"tm884616",NA
"tm850822",NA
"tm931158",NA
"ts223062","TV-14"
"tm898180",NA
"tm677746","PG-13"
"tm452867",NA
"ts222803","TV-MA"
"tm464527",NA
"tm458721",NA
"tm492043",NA
"tm881891",NA
"tm929630",NA
"tm935993","R"
"tm901947",NA
"ts88821","TV-14"
"ts89336","TV-Y"
"ts250800",NA
"ts223078","TV-PG"
"tm843944",NA
"tm850730",NA
"ts87680","TV-14"
"ts89331","TV-MA"
"tm976632",NA
"tm469025",NA
"tm857873",NA
"tm890591",NA
"tm921416",NA
"ts87599","TV-MA"
"tm849937","G"
"tm861718","R"
"tm937044",NA
"ts252318","TV-MA"
"tm442199",NA
"tm455197",NA
"tm840224",NA
"tm459329",NA
"tm453727",NA
"tm818154",NA
"ts225539",NA
"ts89330","TV-14"
"tm832843",NA
"tm919210",NA
"tm851912",NA
"tm941531",NA
"tm938466",NA
"ts251616",NA
"tm977478",NA
"tm912190","PG-13"
"tm873159","PG-13"
"tm957567",NA
"tm468200",NA
"ts222835",NA
"ts236197","TV-Y"
"tm893874",NA
"tm931701",NA
"tm885470",NA
"tm827640",NA
"tm908529",NA
"ts238316",NA
"tm817284",NA
"tm979689","G"
"ts268997","TV-14"
"tm975765",NA
"tm977782","PG"
"tm429172",NA
"tm849131","R"
"tm854749",NA
"ts223098",NA
"ts221851",NA
"tm929600",NA
"ts222599","TV-14"
"tm977952",NA
"tm824560",NA
"tm920320",NA
"tm466426",NA
"tm853910",NA
"tm898699","R"
"tm854682",NA
"tm828326",NA
"tm835512",NA
"tm841239","PG-13"
"ts241246","TV-MA"
"ts189314","TV-14"
"ts233367","TV-G"
"tm446480",NA
"tm423624",NA
"ts214463",NA
"ts89679",NA
"tm889390",NA
"tm912327",NA
"tm852662",NA
"tm452996",NA
"ts88146","TV-MA"
"tm889647","R"
"ts266898",NA
"tm1079495","PG"
"ts89363","TV-Y"
"tm885845",NA
"tm851860",NA
"tm943771","G"
"tm1005077",NA
"tm462551",NA
"tm840723",NA
"tm898773",NA
"ts222942","TV-MA"
"tm908777",NA
"tm1028083",NA
"tm938227","PG"
"tm937265",NA
"tm917999",NA
"tm832684",NA
"tm463038",NA
"ts213071","TV-MA"
"tm845117",NA
"tm822596",NA
"tm837648",NA
"tm844208",NA
"tm824858",NA
"ts222838","TV-MA"
"tm944631",NA
"tm843958","R"
"ts225377",NA
"tm511991",NA
"ts266966","TV-PG"
"tm1149814",NA
"ts235689","TV-14"
"tm846941",NA
"tm957792",NA
"tm474862","PG-13"
"tm853485",NA
"tm849323",NA
"tm425944",NA
"tm469432",NA
"tm501222",NA
"ts251072","TV-MA"
"tm428506","PG"
"tm957903",NA
"tm923612",NA
"tm838705",NA
"ts252015","TV-G"
"tm946277",NA
"tm884531",NA
"tm973335",NA
"tm847212",NA
"tm822099",NA
"tm234980",NA
"tm910612",NA
"tm850382","G"
"tm464509",NA
"tm820116",NA
"tm856945",NA
"tm859143",NA
"tm918026",NA
"tm1096875","PG"
"tm918960",NA
"ts89340","TV-MA"
"ts103574","TV-MA"
"ts218367","TV-MA"
"tm840216",NA
"tm938048",NA
"tm821662",NA
"tm540277",NA
"tm810642",NA
"tm984018","PG-13"
"tm946801",NA
"ts221891","TV-Y7"
"tm1172010",NA
"tm950808",NA
"tm847630",NA
"ts89531","TV-14"
"tm946927",NA
"tm883113",NA
"ts218504","TV-Y"
"tm431769",NA
"tm849251",NA
"ts237487",NA
"tm878995",NA
"tm856545",NA
"tm474263",NA
"tm462037",NA
"tm851499",NA
"tm927033",NA
"tm849102",NA
"tm810836",NA
"tm954606",NA
"tm431810",NA
"tm469966",NA
"tm818239",NA
"ts222980",NA
"ts221151","TV-MA"
"tm468724",NA
"tm469510",NA
"tm845607","PG"
"tm926528",NA
"tm1013697",NA
"tm854454",NA
"ts269085","TV-MA"
"ts269073","TV-MA"
"tm473813",NA
"tm1226722",NA
"tm863611",NA
"tm998899",NA
"tm826875",NA
"ts258169","TV-G"
"tm845370",NA
"ts92405","TV-MA"
"tm452900",NA
"tm918962","PG"
"tm908128",NA
"tm1026231",NA
"ts223110","TV-PG"
"tm882606","G"
"ts218776",NA
"tm473647","PG-13"
"tm830994",NA
"tm452574",NA
"tm840242",NA
"ts88608","TV-MA"
"tm115973",NA
"ts234501","TV-Y"
"tm869373",NA
"tm843143",NA
"ts237304",NA
"ts253288","TV-MA"
"tm848444",NA
"ts89895","TV-Y"
"tm823350","G"
"ts262228","TV-Y7"
"tm431349",NA
"tm881984",NA
"tm451852",NA
"tm842829",NA
"tm451584",NA
"tm935388",NA
"tm907704",NA
"tm452237",NA
"tm456074",NA
"tm894241",NA
"ts224906","TV-14"
"tm887052","R"
"tm458363",NA
"tm845942",NA
"tm498444",NA
"tm824324",NA
"tm831196","G"
"tm819841",NA
"tm841410",NA
"tm996316",NA
"ts262037","TV-Y"
"tm845588",NA
"ts255867","TV-Y"
"tm834653","PG"
"tm894858",NA
"tm971431",NA
"tm465984",NA
"tm863280",NA
"ts225708","TV-14"
"tm866782",NA
"tm810423",NA
"tm918373",NA
"tm457410",NA
"tm940566",NA
"tm825210","PG-13"
"tm460259",NA
"tm896246",NA
"ts217553","TV-MA"
"tm483190",NA
"tm925785",NA
"tm454464",NA
"tm484173",NA
"tm919920",NA
"ts269283",NA
"tm405637","R"
"tm478962",NA
"tm813634",NA
"tm877746",NA
"tm938333","G"
"ts89182",NA
"tm828318",NA
"tm455715",NA
"ts243189","TV-Y"
"tm977184",NA
"tm474695",NA
"tm845616",NA
"tm826677",NA
"ts234505","TV-MA"
"ts224261","TV-14"
"tm1000551",NA
"tm943808",NA
"tm975616","G"
"tm373471",NA
"tm936519",NA
"tm946795",NA
"tm813936","PG-13"
"ts88166","TV-PG"
"tm918258",NA
"tm1047951",NA
"tm493556",NA
"tm882875",NA
"ts221472","TV-14"
"tm460411",NA
"tm816432",NA
"tm1020701",NA
"tm839479",NA
"tm828570",NA
"tm466850",NA
"tm835445",NA
"tm1004219",NA
"tm435327",NA
"tm435836",NA
"tm983091",NA
"ts222687",NA
"tm674135",NA
"tm938434",NA
"tm912415",NA
"tm992712","PG-13"
"ts298837","TV-Y"
"tm475638",NA
"ts251607","TV-Y"
"ts213611",NA
"tm980358",NA
"tm483511",NA
"ts101042","TV-MA"
"ts269280","TV-MA"
"ts255418","TV-14"
"tm830151",NA
"tm1026240",NA
"tm885938",NA
"ts225513","TV-MA"
"tm838007","R"
"tm845552","PG-13"
"ts237556","TV-MA"
"tm873357",NA
"tm810357","G"
"tm1062350",NA
"tm457296","PG"
"tm982569",NA
"tm840208",NA
"ts229700","TV-PG"
"tm840236",NA
"tm844978",NA
"tm885364",NA
"ts45322","TV-PG"
"tm849599",NA
"ts257243","TV-PG"
"tm981475",NA
"tm882700",NA
"ts89740","TV-14"
"tm850176",NA
"tm945831",NA
"ts256134","TV-PG"
"tm862830",NA
"tm971819",NA
"tm915354",NA
"tm881575",NA
"ts218000",NA
"tm848261",NA
"tm454431",NA
"tm890479",NA
"tm982018","G"
"tm1015303",NA
"tm813231",NA
"tm835414",NA
"tm823459",NA
"tm832463",NA
"ts252695","TV-G"
"tm836449",NA
"tm832844",NA
"tm898322",NA
"tm925702",NA
"tm887376","G"
"tm472999",NA
"tm859424",NA
"tm863879","PG"
"tm925186",NA
"tm852728",NA
"ts283159","TV-MA"
"tm846630",NA
"tm918959",NA
"tm881973",NA
"ts90648","TV-14"
"tm813929",NA
"tm475815",NA
"tm683841",NA
"tm468824",NA
"tm474647",NA
"tm854786","PG-13"
"ts222901","TV-MA"
"tm973704",NA
"tm467735",NA
"ts250872",NA
"ts90568",NA
"tm1036794",NA
"tm676905",NA
"tm844201","G"
"tm833361",NA
"tm437379",NA
"tm847805","PG-13"
"tm814652",NA
"tm920599",NA
"tm813938",NA
"tm461532",NA
"tm820338",NA
"tm844236","G"
"tm822502",NA
"tm989205",NA
"ts218307","TV-14"
"tm839761",NA
"tm468651",NA
"tm834121",NA
"tm474618",NA
"tm474496",NA
"tm677904",NA
"tm476708",NA
"tm822210",NA
"tm949905",NA
"ts223121","TV-MA"
"tm477403",NA
"tm935941",NA
"tm863514",NA
"tm922943",NA
"tm439365",NA
"tm927926",NA
"tm944561",NA
"tm818499",NA
"tm476922",NA
"tm822272",NA
"tm466854","G"
"tm940835","G"
"tm845594",NA
"tm1088545",NA
"tm530822",NA
"tm463217",NA
"tm467116",NA
"tm879556",NA
"tm838022",NA
"tm468811",NA
"tm812593",NA
"tm814953",NA
"tm853091",NA
"tm467955",NA
"tm846354",NA
"tm953122",NA
"tm373655","PG"
"tm896976",NA
"tm981956",NA
"tm842869",NA
"tm918894",NA
"tm823848",NA
"tm831125",NA
"tm843222",NA
"tm675214",NA
"tm852775",NA
"tm822167","PG-13"
"tm461427",NA
"tm464212",NA
"tm1041549",NA
"tm471802",NA
"tm837802",NA
"tm849871",NA
"tm825934",NA
"tm866495",NA
"tm813423",NA
"tm922407",NA
"tm461726",NA
"tm843345",NA
"tm901961",NA
"tm483103","PG-13"
"tm898285",NA
"tm924556",NA
"tm976168",NA
"tm1073424","G"
"tm451269",NA
"tm840152",NA
"tm1080109",NA
"tm813075",NA
"tm893510",NA
"tm475254",NA
"tm976797","G"
"ts251929","TV-14"
"tm873354",NA
"tm938186",NA
"tm852060",NA
"ts252977","TV-MA"
"tm942492","G"
"tm888850",NA
"tm882222","PG-13"
"tm907872",NA
"ts223115","TV-14"
"tm474721","PG-13"
"tm824855",NA
"tm849565",NA
"tm851862",NA
"tm944307",NA
"tm510525",NA
"tm835958",NA
"tm852207",NA
"tm883070",NA
"tm855232",NA
"ts230973","TV-Y7"
"tm679270",NA
"ts255823","TV-MA"
"tm837042","G"
"tm435295",NA
"tm678035","PG-13"
"tm958984",NA
"tm507191",NA
"tm836501",NA
"ts236850","TV-14"
"tm977772",NA
"tm430120",NA
"tm981770",NA
"ts222512","TV-14"
"tm878495",NA
"tm1000166",NA
"tm929614",NA
"ts233732",NA
"tm474405",NA
"tm454338",NA
"tm941493",NA
"tm885948",NA
"ts235916",NA
"tm1068745",NA
"tm912399",NA
"ts90696","TV-14"
"tm834608",NA
"tm925490",NA
"tm476496","R"
"tm947446",NA
"tm456894",NA
"tm812783",NA
"tm976519","PG"
"tm1005937",NA
"tm860204",NA
"tm833555",NA
"tm822271",NA
"tm826983",NA
"tm980439","G"
"ts215862","TV-Y7"
"tm1073298",NA
"tm1113921",NA
"tm902363",NA
"tm816983",NA
"tm461907",NA
"tm456271",NA
"tm1030742",NA
"tm983849",NA
"ts103918",NA
"tm979073",NA
"tm1031016",NA
"tm918704",NA
"tm470687",NA
"tm1114639",NA
"tm854261",NA
"tm464284",NA
"tm460149",NA
"tm878492",NA
"tm815438",NA
"tm472231",NA
"tm472961",NA
"tm902993",NA
"tm1080554",NA
"tm462809",NA
"tm916008",NA
"ts90643","TV-14"
"tm843408",NA
"tm836077",NA
"ts304136","TV-Y7"
"tm811954","G"
"tm856372",NA
"tm842976",NA
"tm426634",NA
"ts223454","TV-14"
"tm452578",NA
"tm1028068",NA
"tm921230",NA
"tm450129",NA
"tm810873",NA
"tm824566",NA
"tm981675",NA
"ts222362",NA
"tm460199",NA
"tm463814",NA
"ts224956",NA
"tm1080445","PG-13"
"ts252861","TV-MA"
"tm463762","R"
"tm305129","PG"
"tm852360","PG-13"
"tm1170388","PG"
"tm1126268","R"
"tm1020438","R"
"ts271450","TV-MA"
"ts277084","TV-PG"
"tm1067148","PG"
"tm1226954","R"
"ts356995","TV-MA"
"ts269395","TV-MA"
"ts353844","TV-MA"
"tm1143265",NA
"tm957290","PG-13"
"ts357030","TV-MA"
"ts306335","TV-14"
"tm1043537","PG-13"
"ts215951","TV-MA"
"ts108385","TV-MA"
"tm928497","R"
"ts308317","TV-MA"
"tm1228854",NA
"ts264270","TV-MA"
"ts222333","TV-14"
"ts220305","TV-MA"
"ts271437","TV-MA"
"tm1082564","PG-13"
"ts217231","TV-14"
"ts344162",NA
"ts225061","TV-MA"
"ts223537","TV-MA"
"tm856378","R"
"tm674063","R"
"ts356887","TV-MA"
"ts328671","TV-MA"
"ts288808","TV-MA"
"ts319426",NA
"tm1072066",NA
"ts255888","TV-MA"
"tm1221677","PG-13"
"ts306526","TV-MA"
"ts311101","TV-MA"
"ts241363","TV-MA"
"tm1044289","PG-13"
"ts312082","TV-14"
"ts90093","TV-MA"
"ts307973","TV-MA"
"ts270910","TV-MA"
"tm1080083","R"
"ts296291","TV-MA"
"ts87242","TV-14"
"ts302437","TV-Y7"
"tm979026","PG-13"
"ts353837","TV-MA"
"ts256072","TV-MA"
"tm404856","PG-13"
"ts317746",NA
"ts354073","TV-14"
"ts256710","TV-MA"
"ts281927","TV-MA"
"ts298766","TV-14"
"ts225855","TV-MA"
"ts342732","TV-PG"
"ts255037","TV-MA"
"tm1232830",NA
"tm1229846","R"
"tm1201262","PG-13"
"tm852172","PG-13"
"tm937814","PG-13"
"ts320073","TV-14"
"tm370144","PG"
"ts293103","TV-MA"
"ts345200","TV-MA"
"ts222522","TV-MA"
"ts237713","TV-14"
"tm825714","R"
"tm996762",NA
"ts102086","TV-MA"
"ts357930","TV-MA"
"tm1196288",NA
"ts284297","TV-14"
"ts296046","TV-MA"
"tm1083293","R"
"ts346959","TV-14"
"ts287722","TV-14"
"tm1165462","R"
"ts240453","TV-MA"
"ts294227","TV-MA"
"tm946869","R"
"tm986168","R"
"tm1019177","R"
"ts256310","TV-14"
"tm1209228","R"
"ts311985","TV-MA"
"tm1120543","R"
"ts328051","TV-G"
"ts357137",NA
"ts310081","TV-PG"
"ts269096","TV-14"
"tm991529","R"
"ts355168",NA
"ts330198","TV-Y7"
"tm1231785",NA
"tm1092864","R"
"ts311987","TV-MA"
"ts85985","TV-MA"
"ts237722","TV-Y7"
"ts251675","TV-MA"
"tm1235785","R"
"tm1014947",NA
"tm1075698","R"
"ts252119","TV-MA"
"ts292696","TV-MA"
"tm1195971",NA
"ts234817","TV-MA"
"ts227473","TV-MA"
"tm1117040",NA
"ts269179","TV-MA"
"tm1204402",NA
"tm1001097","R"
"tm525645",NA
"ts289334","TV-MA"
"tm1022953","PG-13"
"tm1038686","R"
"tm1180524",NA
"ts310057","TV-MA"
"ts328625","TV-MA"
"tm501313","R"
"tm1137051","PG"
"tm471968","PG-13"
"tm1111987","PG-13"
"ts300391","TV-MA"
"ts273436","TV-14"
"ts281225","TV-MA"
"tm1048362","R"
"ts349630","TV-14"
"ts286731","TV-14"
"ts232107","TV-MA"
"ts296472","TV-MA"
"ts88578","TV-MA"
"tm1165983",NA
"tm1198242",NA
"tm1196705",NA
"tm1219452",NA
"tm456513","R"
"tm1138477","R"
"tm1166288",NA
"tm1064065",NA
"tm1119272",NA
"ts343430","TV-MA"
"tm851128","R"
"tm1137119",NA
"tm1166024",NA
"tm1046932","R"
"tm992844","PG-13"
"ts225645","TV-MA"
"ts282131","TV-PG"
"tm1207097","PG-13"
"ts356951","TV-MA"
"tm1033470","R"
"tm824160",NA
"tm1064228","PG-13"
"ts95572","TV-MA"
"tm1185367","R"
"ts311989","TV-MA"
"ts307649","TV-14"
"ts305788","TV-MA"
"tm983784",NA
"tm1171875",NA
"ts321918","TV-MA"
"tm993838","R"
"ts328194","TV-MA"
"tm983723","R"
"tm855839",NA
"tm1108321",NA
"tm1092958","R"
"ts296743","TV-MA"
"ts108042","TV-Y7"
"tm1046264","R"
"ts329699","TV-MA"
"tm1150385",NA
"tm1138743","PG"
"ts283080","TV-MA"
"tm1227918","PG-13"
"ts287976","TV-MA"
"ts225657","TV-MA"
"tm347095",NA
"ts229335","TV-MA"
"tm1087461","R"
"tm1046026",NA
"tm416779","R"
"ts287559","TV-MA"
"tm1191224","NC-17"
"ts301625","TV-MA"
"tm1075215",NA
"tm1094217",NA
"ts287438","TV-MA"
"tm1199146",NA
"tm1141439","PG"
"tm1018747",NA
"tm949309","R"
"ts343432","TV-MA"
"ts287352","TV-MA"
"ts328605","TV-14"
"ts328541","TV-MA"
"tm1110527",NA
"tm1022103","R"
"tm1046627",NA
"ts314135","TV-MA"
"tm1185360",NA
"ts321298","TV-14"
"tm1120855",NA
"tm861000","PG-13"
"tm1021871","PG-13"
"tm841797","PG-13"
"ts309930","TV-14"
"ts271888","TV-MA"
"tm1020851","PG"
"ts219423","TV-PG"
"tm1003630","R"
"ts255779","TV-Y"
"ts314164","TV-14"
"tm1229690","R"
"ts299865","TV-MA"
"tm1219505",NA
"tm1000147","R"
"ts321513","TV-MA"
"ts273229","TV-MA"
"ts300325","TV-PG"
"tm1180610",NA
"ts330425","TV-MA"
"tm1185374","R"
"tm992260","PG"
"tm1166046",NA
"ts271413","TV-MA"
"tm1079334","PG-13"
"ts296214","TV-MA"
"ts330347","TV-MA"
"tm1227853",NA
"ts94677","TV-MA"
"tm1219941",NA
"tm1210970",NA
"tm413169","PG"
"ts302053","TV-PG"
"ts225690","TV-14"
"tm1212673",NA
"ts279892","TV-14"
"tm1151272",NA
"tm981945",NA
"ts344184","TV-MA"
"ts314594","TV-MA"
"ts1475","TV-MA"
"tm919880","PG-13"
"ts189612","TV-MA"
"tm833216",NA
"tm314863","PG"
"ts330402","TV-PG"
"ts281062",NA
"ts312071","TV-MA"
"ts302363","TV-14"
"ts308845","TV-MA"
"tm841825","PG"
"ts304310",NA
"tm1159163","R"
"tm1164962","R"
"ts253813","TV-MA"
"tm1027081",NA
"ts272980","TV-MA"
"tm922706","R"
"tm1003034",NA
"tm857461",NA
"tm1217459",NA
"ts294338","TV-MA"
"tm976166","R"
"tm1141594",NA
"ts296825","TV-MA"
"ts284702","TV-MA"
"tm458292","R"
"tm459789","R"
"ts271595","TV-MA"
"tm1179973","R"
"ts269881","TV-MA"
"tm1134087","R"
"ts343599","TV-MA"
"tm1063652",NA
"tm1082974",NA
"tm1002815",NA
"tm1107225","R"
"ts299874","TV-MA"
"tm1049265",NA
"tm1168932",NA
"ts340376","TV-MA"
"ts310938","TV-MA"
"ts329700","TV-MA"
"ts349921","TV-MA"
"ts270405","TV-14"
"tm1166020",NA
"ts192196","TV-MA"
"tm897466","PG"
"tm1093099",NA
"tm1207094","PG-13"
"ts297247","TV-G"
"tm465421",NA
"ts271604","TV-14"
"ts341767","TV-14"
"ts288744","TV-14"
"tm1038327","R"
"tm1131382",NA
"tm922429",NA
"ts273485","TV-MA"
"tm1020820",NA
"ts290643","TV-MA"
"tm1234767","R"
"ts313689","TV-14"
"tm993670","R"
"tm1198388",NA
"ts313646","TV-MA"
"tm1038363","R"
"tm1048678",NA
"tm1073510","R"
"ts271867",NA
"tm1158704","R"
"tm863351",NA
"tm1020073","PG-13"
"ts288087","TV-14"
"tm1121707",NA
"ts314742","TV-Y7"
"tm1038344","R"
"tm1207098","R"
"ts333834","TV-MA"
"ts237972","TV-MA"
"ts262246","TV-PG"
"tm1080252","R"
"ts313668","TV-14"
"tm1028298","R"
"ts288489","TV-14"
"tm977704","G"
"tm813078","R"
"tm1150872","R"
"tm1195561",NA
"ts329854","TV-PG"
"ts104499","TV-MA"
"ts321966",NA
"tm1180123",NA
"tm1141923",NA
"tm673809",NA
"tm1110150",NA
"ts315611","TV-PG"
"tm858869","PG-13"
"ts297483","TV-14"
"tm1165219","R"
"tm1132176",NA
"ts269676","TV-MA"
"ts304058","TV-MA"
"tm1229007",NA
"tm898614","R"
"ts273100","TV-MA"
"tm1086874",NA
"ts222864","TV-14"
"ts265991","TV-MA"
"ts256311","TV-MA"
"tm1018890",NA
"tm996676",NA
"ts331680","TV-PG"
"tm1210379",NA
"tm1188818",NA
"ts244930","TV-Y7"
"tm888243","PG-13"
"tm1018427","PG-13"
"ts305264","TV-PG"
"tm434625","PG"
"tm1185687","PG-13"
"tm1221280",NA
"tm1038369","R"
"tm863823","PG"
"tm912100","R"
"tm999817",NA
"tm1131061",NA
"ts312984","TV-MA"
"ts352579","TV-MA"
"ts311791","TV-MA"
"ts304053","TV-14"
"tm1096775","R"
"tm1066826","PG-13"
"tm1161601",NA
"ts271025","TV-MA"
"tm1108648",NA
"tm1185421",NA
"ts287532","TV-14"
"ts329885","TV-MA"
"tm1074764",NA
"ts306203","TV-MA"
"ts240807","TV-Y7"
"ts291718","TV-14"
"ts271321","TV-MA"
"ts319412","TV-14"
"tm999927","R"
"ts287294","TV-14"
"ts311915","TV-MA"
"tm1082314","R"
"ts307925","TV-MA"
"tm1084966",NA
"tm1044275",NA
"ts272463","TV-14"
"tm1106212",NA
"ts313781","TV-14"
"tm1087956",NA
"ts246073","TV-MA"
"tm1019885",NA
"ts321614","TV-Y"
"ts250092","TV-PG"
"ts303513","TV-MA"
"tm1201670","R"
"tm1219787",NA
"ts344043","TV-14"
"ts317078","TV-14"
"tm1219831","PG-13"
"ts315041","TV-MA"
"ts289620","TV-MA"
"tm1042481",NA
"ts343492","TV-MA"
"tm1030071",NA
"tm1167440","PG-13"
"tm1195032",NA
"ts297846","TV-14"
"ts220196","TV-Y7"
"tm1177856",NA
"tm1005109",NA
"tm1144897",NA
"ts319333","TV-MA"
"tm1107063","R"
"ts272366","TV-MA"
"ts268102","TV-MA"
"ts220553","TV-14"
"ts301915","TV-14"
"ts288195","TV-MA"
"tm1198745",NA
"tm1003261",NA
"tm1120902",NA
"ts317297","TV-14"
"tm998188",NA
"ts331439","TV-Y"
"ts317522",NA
"tm1047503","NC-17"
"ts29800","TV-MA"
"tm1018418","R"
"ts347762","TV-MA"
"ts296563","TV-PG"
"tm1138870",NA
"tm1207099","PG-13"
"tm166973",NA
"ts320502","TV-MA"
"ts286317","TV-MA"
"ts301999","TV-MA"
"tm1104532",NA
"ts271593","TV-MA"
"tm1020326","R"
"ts327074","TV-14"
"tm1228963","PG"
"tm1213009",NA
"tm1040671",NA
"tm1087932",NA
"tm983668","PG-13"
"ts241854","TV-14"
"tm921206","PG-13"
"ts268835",NA
"ts305263","TV-PG"
"tm319224","G"
"ts301914","TV-14"
"tm1087160","R"
"tm1045741",NA
"tm855641",NA
"ts308689",NA
"ts272939","TV-MA"
"ts343251",NA
"tm473502",NA
"ts308838","TV-MA"
"tm855075","R"
"tm1187913",NA
"ts349845","TV-14"
"tm1134006",NA
"tm881587",NA
"ts349842","TV-MA"
"tm816591",NA
"tm810504",NA
"tm983270","R"
"tm1201457","PG-13"
"ts317422","TV-14"
"tm982887",NA
"tm984155","R"
"tm984204","R"
"ts287328","TV-MA"
"ts302489","TV-MA"
"ts304468","TV-MA"
"ts108621","TV-MA"
"ts307745","TV-MA"
"tm863919",NA
"tm974195",NA
"tm858000","PG-13"
"ts269493","TV-G"
"tm1218547",NA
"ts287703","TV-14"
"ts310376","TV-MA"
"ts317612","TV-PG"
"tm1057343",NA
"ts282291","TV-14"
"tm860261","PG-13"
"ts258415","TV-14"
"tm1106044",NA
"ts297675","TV-14"
"tm1052498","R"
"tm1150256",NA
"ts310335","TV-MA"
"ts301196","TV-PG"
"ts250998","TV-MA"
"tm1102868",NA
"ts320426","TV-MA"
"tm1223736",NA
"ts343427","TV-Y7"
"ts243780","TV-Y"
"ts288005",NA
"tm872108",NA
"ts246178","TV-PG"
"ts283676","TV-MA"
"tm1143898",NA
"ts215989","TV-MA"
"tm1110389",NA
"tm1031976",NA
"ts308511","TV-14"
"tm1093287",NA
"tm362072","R"
"tm1120509","R"
"ts320075","TV-MA"
"ts280892","TV-MA"
"tm1091155","R"
"ts260477","TV-MA"
"ts254928","TV-MA"
"tm1219931",NA
"tm991351","PG-13"
"ts223450","TV-MA"
"ts257504","TV-MA"
"tm1102891",NA
"ts308039",NA
"tm998858",NA
"tm894254","PG-13"
"tm983658","PG-13"
"ts312200","TV-14"
"ts346500","TV-PG"
"ts302312","TV-MA"
"ts317720","TV-MA"
"tm1003353","R"
"ts314395",NA
"tm1020520",NA
"tm817075",NA
"tm1137862",NA
"tm834847",NA
"tm876997",NA
"tm1204615",NA
"tm1096769",NA
"ts255486","TV-14"
"tm1207096",NA
"tm1092995","G"
"ts312094","TV-14"
"tm1166015",NA
"tm880822","PG-13"
"tm1160424","PG-13"
"ts258358","TV-MA"
"tm1039147","PG-13"
"ts283528","TV-MA"
"ts276067","TV-MA"
"tm1215536",NA
"ts320335","TV-MA"
"ts286632",NA
"ts320302","TV-MA"
"tm833467",NA
"tm1185388",NA
"tm998726",NA
"ts257873","TV-PG"
"tm1077201",NA
"tm1203307",NA
"tm945448",NA
"ts296129","TV-MA"
"ts331681","TV-G"
"tm1176905",NA
"ts320872","TV-14"
"tm1106806",NA
"ts328317","TV-MA"
"ts296179","TV-MA"
"ts275448",NA
"ts269286","TV-MA"
"ts306322","TV-MA"
"tm1119136",NA
"ts104362","TV-Y7"
"tm1043290","PG-13"
"tm1174856","R"
"ts345976","TV-Y7"
"tm810494",NA
"tm1029256",NA
"ts313849","TV-PG"
"ts283610","TV-MA"
"tm1144693",NA
"tm1000619",NA
"ts309676","TV-PG"
"ts280693","TV-Y"
"ts285469","TV-G"
"tm675820","PG"
"ts354329","TV-Y"
"tm1174920",NA
"ts287802","TV-G"
"ts257315","TV-Y"
"ts299321","TV-Y7"
"tm1185506",NA
"tm1083068",NA
"tm879685",NA
"tm466544",NA
"ts315551",NA
"ts317144","TV-MA"
"ts325756","TV-MA"
"ts260502","TV-MA"
"ts320557","TV-MA"
"ts296081","TV-14"
"tm448707",NA
"ts296069","TV-MA"
"tm1111717","G"
"tm1111920",NA
"ts287149","TV-14"
"tm950444","PG"
"ts239188","TV-MA"
"ts297685","TV-14"
"ts308002","TV-MA"
"tm1092892","PG"
"ts271517","TV-14"
"ts257271","TV-MA"
"tm1108010",NA
"ts296059","TV-MA"
"ts306068","TV-MA"
"ts346007","TV-MA"
"tm1098514",NA
"tm1108621",NA
"ts317526","TV-MA"
"ts216407","TV-MA"
"tm1130264",NA
"ts306510","TV-Y"
"tm1127479",NA
"tm433048","R"
"ts321254","TV-MA"
"ts270798","TV-PG"
"tm972519",NA
"tm1003725",NA
"ts284862",NA
"tm1036270",NA
"ts302056","TV-14"
"ts287838",NA
"ts273318","TV-PG"
"ts318024","TV-14"
"tm876608",NA
"tm1000797","R"
"tm1096880",NA
"ts331449","TV-14"
"tm858287",NA
"tm990835",NA
"ts283639","TV-MA"
"ts296091","TV-MA"
"ts271720","TV-Y7"
"ts289364","TV-14"
"ts293814","TV-PG"
"tm993435","R"
"tm1191860",NA
"tm1064532",NA
"tm1047190",NA
"ts292446","TV-Y"
"ts315549",NA
"ts288997","TV-PG"
"tm1030495",NA
"ts282133","TV-Y7"
"ts289261","TV-Y"
"tm1173363","G"
"tm1002869","PG-13"
"ts287045","TV-MA"
"tm1001267",NA
"ts258321",NA
"ts342479","TV-Y7"
"ts300274","TV-MA"
"ts271726","TV-Y"
"tm1218702",NA
"tm1041543",NA
"ts257817","TV-MA"
"ts310628","TV-G"
"tm1142517",NA
"ts300456","TV-MA"
"tm1146393",NA
"ts302714","TV-MA"
"tm1065041","PG-13"
"ts288545","TV-Y7"
"ts299485","TV-Y7"
"ts319464",NA
"tm1132325",NA
"ts301609","TV-MA"
"tm1038355",NA
"tm890013",NA
"tm1182144",NA
"tm1102226",NA
"tm1000037","R"
"ts297065","TV-MA"
"tm1084481","PG-13"
"ts285724","TV-14"
"ts288065","TV-14"
"tm963182",NA
"tm1114205","PG-13"
"ts272515","TV-MA"
"ts343404","TV-MA"
"tm1073802",NA
"tm1129394","PG"
"tm949382",NA
"tm1129217","R"
"tm1000599",NA
"ts257345","TV-MA"
"tm1188819",NA
"tm1049155",NA
"ts291150","TV-MA"
"ts320183","TV-PG"
"ts315144","TV-Y"
"ts309235","TV-MA"
"ts90023","TV-14"
"ts346034","TV-MA"
"tm1002408",NA
"ts226392","TV-MA"
"tm1187638",NA
"ts287941","TV-14"
"tm1001108","R"
"ts320407","TV-PG"
"ts288540","TV-MA"
"tm475430",NA
"tm1125844","R"
"tm1130995",NA
"ts356275","TV-Y"
"tm980657",NA
"ts311887",NA
"ts273461","TV-14"
"ts235563","TV-MA"
"tm1201453",NA
"tm993790","R"
"ts288472",NA
"tm919869",NA
"tm1022912",NA
"ts292662","TV-14"
"ts330012","TV-MA"
"ts282155","TV-MA"
"ts188861","TV-Y7"
"tm454879",NA
"ts279953",NA
"tm421437",NA
"tm1025318",NA
"ts316965","TV-Y"
"ts270807",NA
"ts302058","TV-MA"
"tm1022893","PG-13"
"ts321437","TV-MA"
"tm1080406",NA
"tm1001095",NA
"ts345779","TV-G"
"ts282214","TV-14"
"ts329711","TV-14"
"ts14520","TV-Y"
"tm985550",NA
"tm992279",NA
"ts326029","TV-MA"
"tm998033",NA
"tm1178876",NA
"tm1115800",NA
"ts330132","TV-MA"
"tm975741","G"
"tm988736","PG-13"
"tm1120937",NA
"tm859256",NA
"ts297763","TV-14"
"ts61384","TV-PG"
"ts321084","TV-MA"
"tm989672","PG-13"
"tm1024062",NA
"ts297031","TV-Y7"
"tm1198504","R"
"tm1143258",NA
"ts272092","TV-14"
"tm1200703",NA
"tm1077013","R"
"tm1031186",NA
"ts287741","TV-PG"
"tm1237253",NA
"ts288832","TV-Y7"
"tm1082359",NA
"tm1040688",NA
"tm985712","R"
"ts301964","TV-PG"
"tm1027712","G"
"tm1102151","PG-13"
"tm1065788",NA
"ts296201","TV-MA"
"ts297058","TV-MA"
"tm1162608",NA
"tm979182",NA
"ts282840","TV-MA"
"ts268220",NA
"ts306135","TV-MA"
"ts268103",NA
"ts352881",NA
"tm1070032",NA
"ts328617","TV-MA"
"tm1152224",NA
"tm1217689",NA
"ts72196","TV-14"
"ts307981","TV-G"
"tm1074621",NA
"ts188367","TV-MA"
"tm990983",NA
"tm1094069","PG-13"
"tm1037704","PG"
"tm902870",NA
"tm1165118",NA
"tm948681",NA
"ts331654","TV-MA"
"ts283614","TV-14"
"tm960430",NA
"tm954297",NA
"tm1107848",NA
"ts319460",NA
"tm997608","PG-13"
"ts287853",NA
"tm950360",NA
"ts288064","TV-MA"
"ts305890","TV-14"
"ts304690","TV-MA"
"tm1107912",NA
"tm813372",NA
"tm1001619",NA
"tm1025493",NA
"tm1087383",NA
"tm1147890",NA
"tm983722","R"
"tm886188",NA
"tm1101878","PG"
"tm1183542",NA
"ts229537","TV-Y"
"tm960145",NA
"ts267062","TV-MA"
"ts254956",NA
"tm810657",NA
"tm876083",NA
"ts305732","TV-MA"
"ts313902","TV-MA"
"tm1102856",NA
"ts302653","TV-MA"
"tm462311",NA
"tm855340","G"
"ts326955",NA
"tm1000185",NA
"tm1030283","R"
"tm1040337",NA
"ts306188",NA
"tm1039422",NA
"ts308516","TV-MA"
"ts329882","TV-Y"
"tm1006127",NA
"ts317064",NA
"tm1196455",NA
"tm990972",NA
"ts232506","TV-MA"
"tm1074622",NA
"ts330289","TV-MA"
"tm1063013","PG-13"
"tm996040",NA
"tm945283",NA
"tm1075596","PG-13"
"ts311958","TV-14"
"tm979688",NA
"tm1033803",NA
"ts302570","TV-MA"
"tm1038096",NA
"ts285854","TV-MA"
"ts343426","TV-MA"
"tm1031448",NA
"tm1195428",NA
"tm1039168",NA
"tm1164320",NA
"tm904862",NA
"tm926580","R"
"tm1017664",NA
"tm977620",NA
"tm1118822",NA
"tm1185568","R"
"ts310331","TV-MA"
"tm1110205",NA
"tm1119455","PG-13"
"ts293346","TV-MA"
"tm1137797","R"
"tm1172947",NA
"ts285422","TV-14"
"tm942277",NA
"tm1102570",NA
"tm856634",NA
"tm1174919",NA
"ts304709","TV-PG"
"tm1031499",NA
"tm1143058",NA
"tm1152323","R"
"tm963023",NA
"tm1166429",NA
"tm1068692",NA
"tm983466",NA
"tm1003376",NA
"tm872496",NA
"tm1159300","PG-13"
"tm1191019",NA
"tm1027297",NA
"tm1000296",NA
"tm861018",NA
"tm1160484",NA
"tm1037519",NA
"tm1063034",NA
"ts272669","TV-Y"
"tm859005",NA
"tm1147172",NA
"tm1028026",NA
"tm1021689",NA
"tm1106551",NA
"ts273275","TV-G"
"tm1202960",NA
"tm867681",NA
"tm1173806",NA
"ts286218",NA
"tm960924",NA
"tm1127511",NA
"ts289757","TV-MA"
"tm1204317",NA
"tm1040832",NA
"tm1037687",NA
"tm981676",NA
"tm1165244",NA
"tm1111595","PG-13"
"tm1089593",NA
"tm995613",NA
"tm1150800",NA
"tm989502",NA
"tm1088320","PG-13"
"tm1038857",NA
"tm1011188",NA
"tm1023388",NA
"tm1049290",NA
"tm1159301","PG-13"
"tm1207715",NA
"ts273245","TV-14"
"tm1049083","PG-13"
"tm1030241",NA
"tm1073555",NA
"tm1044137","G"
"tm1116525",NA
"tm1019865",NA
"tm990740",NA
"tm1041329",NA
"tm1013111",NA
"tm1027639",NA
"ts314962","TV-14"
"ts357345","TV-MA"
"tm1128292",NA
"tm869475",NA
"tm1179579",NA
"tm1040733",NA
"tm1080114",NA
"tm983730",NA
"tm1067260",NA
"tm1082515","R"
"ts297132","TV-MA"
"ts330422","TV-Y"
"tm1142245",NA
"tm1109843",NA
"ts296581","TV-14"
"ts322267",NA
"tm1092075","R"
"tm1092309",NA
"tm886193",NA
"ts272422","TV-14"
"tm1124066",NA
"tm1171107",NA
"tm1104252",NA
"ts308053","TV-MA"
"tm1038364",NA
"tm1022280",NA
"tm1180743",NA
"ts316882","TV-MA"
"tm998238",NA
"tm1064988",NA
"ts296698","TV-PG"
"tm1143319",NA
"tm1119172","PG"
"ts241296","TV-14"
"tm1095880",NA
"tm1055586",NA
"tm1118234","R"
"ts286386","TV-MA"
"tm1036542","R"
"ts319303","TV-PG"
"tm1119015",NA
"tm998678",NA
"tm1106900",NA
"ts314963","TV-PG"
"ts285470","TV-PG"
"tm1024535",NA
"tm958688",NA
"tm1039571","R"
"tm1054462",NA
"tm1043655",NA
"tm1161223","PG-13"
"ts282876","TV-14"
"tm1107850",NA
"ts288544",NA
"ts285106","TV-14"
"tm1111616",NA
"tm1091284",NA
"tm1172600",NA
"ts322506",NA
"tm1068632",NA
"ts285874","TV-MA"
"tm1045603","R"
"tm1179176",NA
"tm1032950","G"
"tm1033369",NA
"ts307816","TV-PG"
"tm1114350",NA
"tm1131374",NA
"tm996996",NA
"ts305254",NA
"tm996010",NA
"tm1141663",NA
"tm1120212",NA
"tm997617",NA
"tm1036797",NA
"tm1027177",NA
"tm1029279",NA
"ts289982","TV-MA"
"tm988879",NA
"ts297061","TV-MA"
"tm1033635","PG"
"tm1115392",NA
"ts317709","TV-PG"
"tm1076198",NA
"ts269300",NA
"tm1064193",NA
"tm1159947",NA
"ts283284","TV-MA"
"tm1120636","G"
"tm1029314",NA
"tm1130275",NA
"tm1150727","R"
"tm1111559",NA
"tm1102410",NA
"tm1015884",NA
"tm1146635",NA
"tm1121098",NA
"tm1023438",NA
"tm1119331",NA
"ts274575","TV-PG"
"tm965758",NA
"ts284885","TV-14"
"tm1120766","R"
"tm1091823",NA
"ts341760","TV-MA"
"tm1068777",NA
"tm988801",NA
"tm1160938","PG-13"
"tm998544",NA
"tm1109080",NA
"tm1004011",NA
"tm1159298","PG"
"tm1131895",NA
"ts317423",NA
"tm1098060",NA
"tm1019822",NA
"tm1042277",NA
"tm1089595",NA
"tm1025616",NA
"tm1018592",NA
"ts346656","TV-14"
"tm863829",NA
"ts297729","TV-MA"
"tm1068720",NA
"tm1106888",NA
"tm1141346",NA
"tm1045883",NA
"tm1147041",NA
"ts285471","TV-MA"
"ts325991","TV-MA"
"tm1108171",NA
"tm1045018",NA
"tm987730",NA
"tm1019084","R"
"tm1094060","PG"
"tm1047429",NA
"ts287804",NA
"tm1038025",NA
"tm986017",NA
"tm988613",NA
"tm1080697",NA
"tm1046969",NA
"tm1099320","R"
"tm1040959",NA
"tm982470","R"
"ts270616","TV-14"
"ts302434",NA
"tm1204412",NA
"tm1049317",NA
"tm1201341",NA
"tm1110212",NA
"tm1011248",NA
"tm1122095",NA
"tm994923",NA
"tm1225897",NA
"tm1183575",NA
"tm1026043",NA
"tm1121084",NA
"tm1082795",NA
"tm1063339",NA
"tm1037800",NA
"tm918777",NA
"tm1020293",NA
"ts287729","TV-MA"
"tm851599",NA
"tm1110241",NA
"tm993616",NA
"tm1099342",NA
"tm831387",NA
"tm878575",NA
"ts287687",NA
"tm1099969",NA
"ts319608",NA
"tm846586",NA
"ts288861","TV-14"
"ts273317","TV-MA"
"tm996479",NA
"ts307884","TV-14"
"tm1091956",NA
"tm985747",NA
"tm959213",NA
"tm1040816",NA
"tm1053409",NA
"tm1165179",NA
"tm1216735",NA
"tm985215",NA
"tm1066324",NA
"tm1097142",NA
"tm1074617",NA
"tm1014599",NA
"tm898842",NA
"tm1059008",NA
"tm1035612","PG-13"
"ts271048",NA
